participant,file,passage_raw_any-disfluency_count,passage_perWord_any-disfluency_count,passage_perSyllable_any-disfluency_count,passage_raw_correction-syll_count,passage_perWord_correction-syll_count,passage_perSyllable_correction-syll_count,passage_raw_any-error_count,passage_perWord_any-error_count,passage_perSyllable_any-error_count,phrase,phrase_passage_count,actualPhrase,phrase_raw_any-disfluency_count,phrase_perWord_any-disfluency_count,phrase_perSyllable_any-disfluency_count,phrase_raw_correction-syll_count,phrase_perWord_correction-syll_count,phrase_perSyllable_correction-syll_count,phrase_raw_any-error_count,phrase_perWord_any-error_count,phrase_perSyllable_any-error_count,actualExtendedPhrase,withinFiveSylls_raw_any-disfluency_count,withinFiveSylls_perWord_any-disfluency_count,withinFiveSylls_perSyllable_any-disfluency_count,withinFiveSylls_raw_correction-syll_count,withinFiveSylls_perWord_correction-syll_count,withinFiveSylls_perSyllable_correction-syll_count,withinFiveSylls_raw_any-error_count,withinFiveSylls_perWord_any-error_count,withinFiveSylls_perSyllable_any-error_count
sub-3300001,finches_11g_all-cols.csv,11,0.061452513966480445,0.03470031545741325,33,0.18435754189944134,0.10410094637223975,39,0.21787709497206703,0.12302839116719243,size,2,size,0,0.0,0.0,0,0.0,0.0,0,0.0,0.0,vary vary greatly greatly in size and shade finches finches often,0,0.0,0.0,0,0.0,0.0,0,0.0,0.0
sub-3300001,finches_11g_all-cols.csv,11,0.061452513966480445,0.03470031545741325,33,0.18435754189944134,0.10410094637223975,39,0.21787709497206703,0.12302839116719243,size,2,size,0,0.0,0.0,0,0.0,0.0,0,0.0,0.0,variances in beak shape and size elucidates elucidates elucidates elucidates how,1,0.125,0.09090909090909091,3,0.375,0.2727272727272727,5,0.625,0.45454545454545453
sub-3300001,sparrows_11g_all-cols.csv,14,0.07567567567567568,0.04229607250755287,34,0.1837837837837838,0.1027190332326284,41,0.22162162162162163,0.12386706948640483,size,1,emphasizes emphasizes emphasizes emphasizes,0,0.0,0.0,0,0.0,0.0,0,0.0,0.0,scouring scouring the soil soil emphasizes emphasizes emphasizes emphasizes their ceaseless ceaseless spirit spirit,1,0.14285714285714285,0.07142857142857142,3,0.42857142857142855,0.21428571428571427,3,0.42857142857142855,0.21428571428571427
sub-3300001,elephant_11g_all-cols.csv,14,0.0707070707070707,0.04046242774566474,31,0.15656565656565657,0.08959537572254335,37,0.18686868686868688,0.1069364161849711,size,2,size,0,0.0,0.0,0,0.0,0.0,0,0.0,0.0,astonishing astonishing given given their size nevertheless nevertheless nevertheless nevertheless their,0,0.0,0.0,0,0.0,0.0,1,0.16666666666666666,0.09090909090909091
sub-3300001,elephant_11g_all-cols.csv,14,0.0707070707070707,0.04046242774566474,31,0.15656565656565657,0.08959537572254335,37,0.18686868686868688,0.1069364161849711,size,2,emphasizes emphasizes emphasizes emphasizes,0,0.0,0.0,0,0.0,0.0,0,0.0,0.0,majesty and strength truly truly emphasizes emphasizes emphasizes emphasizes the marvel marvel of elephants,0,0.0,0.0,0,0.0,0.0,0,0.0,0.0
sub-3300001,giraffe_11g_all-cols.csv,12,0.06091370558375635,0.03468208092485549,8,0.04060913705583756,0.023121387283236993,27,0.13705583756345177,0.07803468208092486,size,1,size,0,0.0,0.0,0,0.0,0.0,0,0.0,0.0,despite their colossal colossal colossal size they exhibit exhibit exhibit a,0,0.0,0.0,0,0.0,0.0,0,0.0,0.0
sub-3300001,trucks_11g_all-cols.csv,19,0.0979381443298969,0.055232558139534885,28,0.14432989690721648,0.08139534883720931,42,0.21649484536082475,0.12209302325581395,size,1,size,0,0.0,0.0,0,0.0,0.0,0,0.0,0.0,economies economies with their large size and robust robust build they,1,0.1111111111111111,0.09090909090909091,0,0.0,0.0,0,0.0,0.0
sub-3300001,raspberries_11g_all-cols.csv,16,0.08376963350785341,0.0469208211143695,31,0.16230366492146597,0.09090909090909091,51,0.2670157068062827,0.1495601173020528,color,1,color color,0,0.0,0.0,0,0.0,0.0,0,0.0,0.0,as they mature mature the color color spectrum spectrum of raspberries raspberries,0,0.0,0.0,0,0.0,0.0,0,0.0,0.0
sub-3300001,sparrows_11g_all-cols.csv,14,0.07567567567567568,0.04229607250755287,34,0.1837837837837838,0.1027190332326284,41,0.22162162162162163,0.12386706948640483,color,2,colors colors,0,0.0,0.0,0,0.0,0.0,0,0.0,0.0,nature nature their muted muted colors colors and lively lively songs can,0,0.0,0.0,0,0.0,0.0,0,0.0,0.0
sub-3300001,sparrows_11g_all-cols.csv,14,0.07567567567567568,0.04229607250755287,34,0.1837837837837838,0.1027190332326284,41,0.22162162162162163,0.12386706948640483,color,2,colorful colorful colorful,0,0.0,0.0,0,0.0,0.0,0,0.0,0.0,might not always always be colorful colorful colorful however however however they will,0,0.0,0.0,0,0.0,0.0,0,0.0,0.0
sub-3300001,tulips_11g_all-cols.csv,9,0.04639175257731959,0.02786377708978328,17,0.08762886597938144,0.05263157894736842,43,0.22164948453608246,0.13312693498452013,color,1,color color,0,0.0,0.0,0,0.0,0.0,0,0.0,0.0,forms they present present a color color spectrum spectrum that flows from,0,0.0,0.0,0,0.0,0.0,1,0.1111111111111111,0.08333333333333333
sub-3300001,roses_11g_all-cols.csv,16,0.08888888888888889,0.05263157894736842,12,0.06666666666666667,0.039473684210526314,43,0.2388888888888889,0.14144736842105263,color,1,colors colors,0,0.0,0.0,0,0.0,0.0,0,0.0,0.0,many many with their rich colors colors and intoxicating intoxicating intoxicating intoxicating,0,0.0,0.0,0,0.0,0.0,4,0.5714285714285714,0.3333333333333333
sub-3300001,finches_11g_all-cols.csv,11,0.061452513966480445,0.03470031545741325,33,0.18435754189944134,0.10410094637223975,39,0.21787709497206703,0.12302839116719243,resilience,1,resilience resilience resilience,0,0.0,0.0,3,3.0,1.0,2,2.0,0.6666666666666666,adaptation adaptation adaptation adaptation and resilience resilience resilience in the wild,0,0.0,0.0,7,1.1666666666666667,0.6363636363636364,6,1.0,0.5454545454545454
sub-3300001,oak_11g_all-cols.csv,15,0.078125,0.046875,33,0.171875,0.103125,73,0.3802083333333333,0.228125,resilience,2,resilience resilience resilience,0,0.0,0.0,0,0.0,0.0,0,0.0,0.0,forest manifesting manifesting manifesting manifesting resilience resilience resilience and strength these trees are,1,0.125,0.07692307692307693,0,0.0,0.0,0,0.0,0.0
sub-3300001,oak_11g_all-cols.csv,15,0.078125,0.046875,33,0.171875,0.103125,73,0.3802083333333333,0.228125,resilience,2,resilience resilience resilience,0,0.0,0.0,0,0.0,0.0,0,0.0,0.0,testament testament testament to the resilience resilience resilience of nature nature the roots,1,0.125,0.07692307692307693,0,0.0,0.0,0,0.0,0.0
sub-3300001,giraffe_11g_all-cols.csv,12,0.06091370558375635,0.03468208092485549,8,0.04060913705583756,0.023121387283236993,27,0.13705583756345177,0.07803468208092486,resilience,1,resilience resilience resilience,1,1.0,0.3333333333333333,0,0.0,0.0,0,0.0,0.0,combination combination of grace and resilience resilience resilience that truly truly underscores underscores,1,0.125,0.07692307692307693,0,0.0,0.0,0,0.0,0.0
sub-3300001,sandals_11g_all-cols.csv,8,0.04081632653061224,0.02318840579710145,17,0.08673469387755102,0.04927536231884058,105,0.5357142857142857,0.30434782608695654,resilience,1,resilience resilience resilience,1,1.0,0.3333333333333333,3,3.0,1.0,2,2.0,0.6666666666666666,experience experience both ease and resilience resilience resilience but these light shoes are,1,0.1,0.07692307692307693,4,0.4,0.3076923076923077,2,0.2,0.15384615384615385
sub-3300001,raspberries_11g_all-cols.csv,16,0.08376963350785341,0.0469208211143695,31,0.16230366492146597,0.09090909090909091,51,0.2670157068062827,0.1495601173020528,however,1,however however however,0,0.0,0.0,0,0.0,0.0,0,0.0,0.0,versatility remains remains unmatched unmatched however however however they do not only only,1,0.125,0.07692307692307693,0,0.0,0.0,1,0.125,0.07692307692307693
sub-3300001,sparrows_11g_all-cols.csv,14,0.07567567567567568,0.04229607250755287,34,0.1837837837837838,0.1027190332326284,41,0.22162162162162163,0.12386706948640483,however,1,however however however,0,0.0,0.0,0,0.0,0.0,0,0.0,0.0,always be colorful colorful colorful however however however they will frequently frequently frequently,0,0.0,0.0,0,0.0,0.0,0,0.0,0.0
sub-3300001,elephant_11g_all-cols.csv,14,0.0707070707070707,0.04046242774566474,31,0.15656565656565657,0.08959537572254335,37,0.18686868686868688,0.1069364161849711,however,1,however however however,0,0.0,0.0,0,0.0,0.0,0,0.0,0.0,with their grand stature stature however however however elephants elephants elephants manifest manifest,1,0.14285714285714285,0.07692307692307693,0,0.0,0.0,1,0.14285714285714285,0.07692307692307693
sub-3300001,giraffe_11g_all-cols.csv,12,0.06091370558375635,0.03468208092485549,8,0.04060913705583756,0.023121387283236993,27,0.13705583756345177,0.07803468208092486,however,1,however however however,0,0.0,0.0,0,0.0,0.0,0,0.0,0.0,impressive speeds in brief sprints however however however this quietude quietude quietude should,0,0.0,0.0,4,0.4444444444444444,0.3076923076923077,2,0.2222222222222222,0.15384615384615385
sub-3300001,pens_11g_all-cols.csv,6,0.032432432432432434,0.01875,22,0.11891891891891893,0.06875,30,0.16216216216216217,0.09375,however,1,however however however,0,0.0,0.0,0,0.0,0.0,0,0.0,0.0,ready for future future notes however however however the pen's function function goes,0,0.0,0.0,0,0.0,0.0,0,0.0,0.0
sub-3300001,pencils_11g_all-cols.csv,14,0.07329842931937172,0.04294478527607362,37,0.193717277486911,0.11349693251533742,35,0.18324607329842932,0.10736196319018405,however,1,however however however,0,0.0,0.0,0,0.0,0.0,0,0.0,0.0,for future future scribbles scribbles however however however the pencil's pencil's utility utility,0,0.0,0.0,0,0.0,0.0,0,0.0,0.0
sub-3300001,boots_11g_all-cols.csv,11,0.055,0.03125,5,0.025,0.014204545454545454,43,0.215,0.12215909090909091,furthermore,1,furthermore furthermore furthermore,0,0.0,0.0,0,0.0,0.0,0,0.0,0.0,amplify amplify their appeal appeal furthermore furthermore furthermore their adaptability adaptability adaptability adaptability,0,0.0,0.0,0,0.0,0.0,1,0.16666666666666666,0.07692307692307693
sub-3300001,pencils_11g_all-cols.csv,14,0.07329842931937172,0.04294478527607362,37,0.193717277486911,0.11349693251533742,35,0.18324607329842932,0.10736196319018405,furthermore,1,furthermore furthermore furthermore,0,0.0,0.0,0,0.0,0.0,0,0.0,0.0,tool is staggering staggering staggering furthermore furthermore furthermore the eraser eraser eraser often,0,0.0,0.0,4,0.5714285714285714,0.3076923076923077,3,0.42857142857142855,0.23076923076923078
sub-3300001,trucks_11g_all-cols.csv,19,0.0979381443298969,0.055232558139534885,28,0.14432989690721648,0.08139534883720931,42,0.21649484536082475,0.12209302325581395,endurance,1,endurance endurance endurance,0,0.0,0.0,0,0.0,0.0,0,0.0,0.0,embody embody both strength and endurance endurance endurance covering covering covering vast distances,0,0.0,0.0,0,0.0,0.0,0,0.0,0.0
sub-3300002,cupcakes_11g_all-cols.csv,16,0.08,0.0440771349862259,14,0.07,0.03856749311294766,11,0.055,0.030303030303030304,flavor,3,flavors flavors,0,0.0,0.0,0,0.0,0.0,0,0.0,0.0,with their intricate intricate intricate flavors flavors and nuances nuances nuances an,0,0.0,0.0,0,0.0,0.0,0,0.0,0.0
sub-3300002,cupcakes_11g_all-cols.csv,16,0.08,0.0440771349862259,14,0.07,0.03856749311294766,11,0.055,0.030303030303030304,flavor,3,flavors flavors,0,0.0,0.0,0,0.0,0.0,0,0.0,0.0,wealth of possible possible possible flavors flavors and ingredient ingredient ingredient ingredient,1,0.16666666666666666,0.08333333333333333,0,0.0,0.0,1,0.16666666666666666,0.08333333333333333
sub-3300002,cupcakes_11g_all-cols.csv,16,0.08,0.0440771349862259,14,0.07,0.03856749311294766,11,0.055,0.030303030303030304,flavor,3,flavors flavors,0,0.0,0.0,0,0.0,0.0,0,0.0,0.0,harmonious harmonious harmonious play of flavors flavors and feels in a cupcake,0,0.0,0.0,0,0.0,0.0,0,0.0,0.0
sub-3300002,blackberries_11g_all-cols.csv,9,0.05142857142857143,0.02857142857142857,11,0.06285714285714286,0.03492063492063492,10,0.05714285714285714,0.031746031746031744,flavor,1,flavor flavor,1,1.0,0.5,2,2.0,1.0,1,1.0,0.5,blackberries blackberries enrich enrich the flavor flavor profile profile profile from lavish,1,0.14285714285714285,0.08333333333333333,3,0.42857142857142855,0.25,1,0.14285714285714285,0.08333333333333333
sub-3300002,muffins_11g_all-cols.csv,7,0.033816425120772944,0.018518518518518517,24,0.11594202898550725,0.06349206349206349,20,0.0966183574879227,0.05291005291005291,flavor,4,flavors flavors,0,0.0,0.0,0,0.0,0.0,0,0.0,0.0,discerning palates palates with their flavors flavors and textures textures a subtly,0,0.0,0.0,0,0.0,0.0,0,0.0,0.0
sub-3300002,muffins_11g_all-cols.csv,7,0.033816425120772944,0.018518518518518517,24,0.11594202898550725,0.06349206349206349,20,0.0966183574879227,0.05291005291005291,flavor,4,flavor flavor,0,0.0,0.0,0,0.0,0.0,0,0.0,0.0,alone the potential potential potential flavor flavor combinations combinations combinations combinations and,0,0.0,0.0,3,0.5,0.25,1,0.16666666666666666,0.08333333333333333
sub-3300002,muffins_11g_all-cols.csv,7,0.033816425120772944,0.018518518518518517,24,0.11594202898550725,0.06349206349206349,20,0.0966183574879227,0.05291005291005291,flavor,4,flavor flavor,0,0.0,0.0,2,2.0,1.0,2,2.0,1.0,experience enhancing enhancing enhancing the flavor flavor complexity complexity complexity complexity and,0,0.0,0.0,3,0.5,0.25,2,0.3333333333333333,0.16666666666666666
sub-3300002,muffins_11g_all-cols.csv,7,0.033816425120772944,0.018518518518518517,24,0.11594202898550725,0.06349206349206349,20,0.0966183574879227,0.05291005291005291,flavor,4,flavors flavors,0,0.0,0.0,0,0.0,0.0,0,0.0,0.0,symphony symphony symphony symphony of flavors flavors and textures textures in a,0,0.0,0.0,0,0.0,0.0,0,0.0,0.0
sub-3300002,raspberries_11g_all-cols.csv,12,0.06282722513089005,0.03519061583577713,28,0.14659685863874344,0.08211143695014662,30,0.15706806282722513,0.08797653958944282,flavor,2,flavor flavor,0,0.0,0.0,0,0.0,0.0,0,0.0,0.0,of luxury luxury luxury and flavor flavor these berries berries are soft,1,0.125,0.08333333333333333,0,0.0,0.0,0,0.0,0.0
sub-3300002,raspberries_11g_all-cols.csv,12,0.06282722513089005,0.03519061583577713,28,0.14659685863874344,0.08211143695014662,30,0.15706806282722513,0.08797653958944282,flavor,2,flavor flavor,0,0.0,0.0,0,0.0,0.0,0,0.0,0.0,savor their exquisite exquisite exquisite flavor flavor and to cherish cherish each,0,0.0,0.0,0,0.0,0.0,0,0.0,0.0
sub-3300002,blackberries_11g_all-cols.csv,9,0.05142857142857143,0.02857142857142857,11,0.06285714285714286,0.03492063492063492,10,0.05714285714285714,0.031746031746031744,profile,1,profile profile profile,0,0.0,0.0,0,0.0,0.0,0,0.0,0.0,enrich enrich the flavor flavor profile profile profile from lavish lavish desserts desserts,1,0.14285714285714285,0.07692307692307693,3,0.42857142857142855,0.23076923076923078,1,0.14285714285714285,0.07692307692307693
sub-3300002,boots_11g_all-cols.csv,7,0.035,0.019886363636363636,12,0.06,0.03409090909090909,23,0.115,0.06534090909090909,profile,1,profiles profiles profiles,0,0.0,0.0,0,0.0,0.0,0,0.0,0.0,from sleek minimal minimal minimal profiles profiles profiles to more ornate ornate forms,0,0.0,0.0,0,0.0,0.0,0,0.0,0.0
sub-3300002,elephant_11g_all-cols.csv,11,0.05555555555555555,0.031791907514450865,32,0.16161616161616163,0.09248554913294797,13,0.06565656565656566,0.03757225433526012,forests,1,forests forests,0,0.0,0.0,0,0.0,0.0,0,0.0,0.0,including including grasslands grasslands and forests forests their skin thick and rugged,0,0.0,0.0,0,0.0,0.0,0,0.0,0.0
sub-3300002,finches_11g_all-cols.csv,14,0.0782122905027933,0.04416403785488959,21,0.11731843575418995,0.06624605678233439,19,0.10614525139664804,0.05993690851735016,forests,1,forests forests,0,0.0,0.0,0,0.0,0.0,0,0.0,0.0,frequently frequently navigate navigate navigate forests forests gardens gardens and open open,0,0.0,0.0,0,0.0,0.0,0,0.0,0.0
sub-3300002,cupcakes_11g_all-cols.csv,16,0.08,0.0440771349862259,14,0.07,0.03856749311294766,11,0.055,0.030303030303030304,artist,1,artistry artistry artistry,0,0.0,0.0,0,0.0,0.0,0,0.0,0.0,the expertise expertise expertise and artistry artistry artistry poured into into its making,0,0.0,0.0,0,0.0,0.0,0,0.0,0.0
sub-3300002,pens_11g_all-cols.csv,8,0.043243243243243246,0.025,14,0.07567567567567568,0.04375,11,0.05945945945945946,0.034375,artist,1,artists artists,0,0.0,0.0,0,0.0,0.0,0,0.0,0.0,beyond beyond just writing writing artists artists have also also treasured treasured,0,0.0,0.0,0,0.0,0.0,0,0.0,0.0
sub-3300002,pencils_11g_all-cols.csv,16,0.08376963350785341,0.049079754601226995,19,0.09947643979057591,0.05828220858895705,14,0.07329842931937172,0.04294478527607362,artist,1,artists artists,0,0.0,0.0,0,0.0,0.0,0,0.0,0.0,beyond beyond mere writing writing artists artists too have cherished cherished it,0,0.0,0.0,3,0.375,0.25,1,0.125,0.08333333333333333
sub-3300002,sandals_11g_all-cols.csv,12,0.061224489795918366,0.034782608695652174,17,0.08673469387755102,0.04927536231884058,17,0.08673469387755102,0.04927536231884058,emblematic,1,emblematic emblematic emblematic emblematic,0,0.0,0.0,0,0.0,0.0,0,0.0,0.0,sandals has marked them as emblematic emblematic emblematic emblematic of leisure leisure and refinement,0,0.0,0.0,3,0.3,0.21428571428571427,2,0.2,0.14285714285714285
sub-3300002,roses_11g_all-cols.csv,11,0.06111111111111111,0.03618421052631579,18,0.1,0.05921052631578947,16,0.08888888888888889,0.05263157894736842,emblematic,1,emblematic emblematic emblematic emblematic,1,1.0,0.25,0,0.0,0.0,2,2.0,0.5,to the purest purest white emblematic emblematic emblematic emblematic of innocence innocence innocence and,1,0.125,0.07142857142857142,0,0.0,0.0,2,0.25,0.14285714285714285
sub-3300002,pens_11g_all-cols.csv,8,0.043243243243243246,0.025,14,0.07567567567567568,0.04375,11,0.05945945945945946,0.034375,emblematic,1,emblematic emblematic emblematic emblematic,1,1.0,0.25,0,0.0,0.0,0,0.0,0.0,precedence precedence precedence the pen's emblematic emblematic emblematic emblematic worth persists persists it stands,1,0.125,0.07142857142857142,0,0.0,0.0,0,0.0,0.0
sub-3300002,sandals_11g_all-cols.csv,12,0.061224489795918366,0.034782608695652174,17,0.08673469387755102,0.04927536231884058,17,0.08673469387755102,0.04927536231884058,diverse,1,diverse diverse,0,0.0,0.0,0,0.0,0.0,0,0.0,0.0,and refinement refinement refinement their diverse diverse styles styles mirror mirror global,0,0.0,0.0,0,0.0,0.0,0,0.0,0.0
sub-3300002,roses_11g_all-cols.csv,11,0.06111111111111111,0.03618421052631579,18,0.1,0.05921052631578947,16,0.08888888888888889,0.05263157894736842,diverse,1,diverse diverse,0,0.0,0.0,0,0.0,0.0,0,0.0,0.0,intoxicating intoxicating scent in their diverse diverse palette palette one can find,0,0.0,0.0,0,0.0,0.0,0,0.0,0.0
sub-3300002,sparrows_11g_all-cols.csv,8,0.043243243243243246,0.02416918429003021,7,0.03783783783783784,0.021148036253776436,15,0.08108108108108109,0.045317220543806644,diverse,1,diverse diverse,0,0.0,0.0,0,0.0,0.0,0,0.0,0.0,ability ability to thrive in diverse diverse conditions conditions conditions showcases showcases,0,0.0,0.0,0,0.0,0.0,0,0.0,0.0
sub-3300002,boots_11g_all-cols.csv,7,0.035,0.019886363636363636,12,0.06,0.03409090909090909,23,0.115,0.06534090909090909,diverse,1,diverse diverse,0,0.0,0.0,0,0.0,0.0,0,0.0,0.0,rich history history history and diverse diverse design design variations variations variations,0,0.0,0.0,0,0.0,0.0,1,0.16666666666666666,0.08333333333333333
sub-3300002,boots_11g_all-cols.csv,7,0.035,0.019886363636363636,12,0.06,0.03409090909090909,23,0.115,0.06534090909090909,leather,1,leather leather,0,0.0,0.0,0,0.0,0.0,0,0.0,0.0,composition primarily primarily primarily primarily leather leather offers offers durability durability durability,0,0.0,0.0,5,1.0,0.4166666666666667,2,0.4,0.16666666666666666
sub-3300002,oak_11g_all-cols.csv,14,0.07291666666666667,0.04375,12,0.0625,0.0375,10,0.052083333333333336,0.03125,use,1,infuse infuse,0,0.0,0.0,0,0.0,0.0,0,0.0,0.0,embodied embodied by oak trees infuse infuse the surrounding surrounding surrounding landscape,2,0.25,0.16666666666666666,0,0.0,0.0,0,0.0,0.0
sub-3300002,trucks_11g_all-cols.csv,6,0.030927835051546393,0.01744186046511628,24,0.12371134020618557,0.06976744186046512,17,0.08762886597938144,0.04941860465116279,use,1,household household,0,0.0,0.0,0,0.0,0.0,0,0.0,0.0,controls controls and even even household household amenities amenities amenities amenities their,0,0.0,0.0,0,0.0,0.0,0,0.0,0.0
sub-3300002,blackberries_11g_all-cols.csv,9,0.05142857142857143,0.02857142857142857,11,0.06285714285714286,0.03492063492063492,10,0.05714285714285714,0.031746031746031744,use,1,used,0,0.0,0.0,0,0.0,0.0,0,0.0,0.0,velvety velvety velvety black when used in culinary culinary culinary culinary,2,0.3333333333333333,0.18181818181818182,0,0.0,0.0,0,0.0,0.0
sub-3300002,pens_11g_all-cols.csv,8,0.043243243243243246,0.025,14,0.07567567567567568,0.04375,11,0.05945945945945946,0.034375,use,1,user's user's,0,0.0,0.0,0,0.0,0.0,0,0.0,0.0,smoothly smoothly demands demands its user's user's attention attention attention ensuring ensuring,0,0.0,0.0,0,0.0,0.0,0,0.0,0.0
sub-3300002,muffins_11g_all-cols.csv,7,0.033816425120772944,0.018518518518518517,24,0.11594202898550725,0.06349206349206349,20,0.0966183574879227,0.05291005291005291,use,1,infused infused,0,0.0,0.0,0,0.0,0.0,0,0.0,0.0,can be thoughtfully thoughtfully thoughtfully infused infused with blueberries blueberries blueberries chocolate,0,0.0,0.0,0,0.0,0.0,1,0.14285714285714285,0.08333333333333333
sub-3300002,elephant_11g_all-cols.csv,11,0.05555555555555555,0.031791907514450865,32,0.16161616161616163,0.09248554913294797,13,0.06565656565656566,0.03757225433526012,use,2,confused confused,0,0.0,0.0,0,0.0,0.0,0,0.0,0.0,gentleness should never never be confused confused with weakness weakness when confronted,1,0.1111111111111111,0.08333333333333333,3,0.3333333333333333,0.25,1,0.1111111111111111,0.08333333333333333
sub-3300002,elephant_11g_all-cols.csv,11,0.05555555555555555,0.031791907514450865,32,0.16161616161616163,0.09248554913294797,13,0.06565656565656566,0.03757225433526012,use,2,use,0,0.0,0.0,0,0.0,0.0,0,0.0,0.0,an elephant elephant elephant can use its weight and strength pushing,0,0.0,0.0,0,0.0,0.0,0,0.0,0.0
sub-3300002,cars_11g_all-cols.csv,11,0.05641025641025641,0.03225806451612903,12,0.06153846153846154,0.03519061583577713,16,0.08205128205128205,0.0469208211143695,use,1,userfriendly userfriendly userfriendly userfriendly,0,0.0,0.0,0,0.0,0.0,0,0.0,0.0,often feature feature soft chairs userfriendly userfriendly userfriendly userfriendly dashboards dashboards and other other,0,0.0,0.0,0,0.0,0.0,0,0.0,0.0
sub-3300002,pencils_11g_all-cols.csv,16,0.08376963350785341,0.049079754601226995,19,0.09947643979057591,0.05828220858895705,14,0.07329842931937172,0.04294478527607362,use,1,users users,0,0.0,0.0,0,0.0,0.0,0,0.0,0.0,fallibility fallibility it reminds reminds users users of the luxury luxury luxury,3,0.42857142857142855,0.25,0,0.0,0.0,1,0.14285714285714285,0.08333333333333333
sub-3300002,sandals_11g_all-cols.csv,12,0.061224489795918366,0.034782608695652174,17,0.08673469387755102,0.04927536231884058,17,0.08673469387755102,0.04927536231884058,versatility,1,versatility versatility versatility versatility versatility,0,0.0,0.0,0,0.0,0.0,0,0.0,0.0,in addition addition addition their versatility versatility versatility versatility versatility with sundresses sundresses sundresses beachwear,0,0.0,0.0,0,0.0,0.0,0,0.0,0.0
sub-3300002,sparrows_11g_all-cols.csv,8,0.043243243243243246,0.02416918429003021,7,0.03783783783783784,0.021148036253776436,15,0.08108108108108109,0.045317220543806644,versatility,1,versatility versatility versatility versatility versatility,0,0.0,0.0,0,0.0,0.0,0,0.0,0.0,nature's skill in molding molding versatility versatility versatility versatility versatility studying studying studying their features,0,0.0,0.0,0,0.0,0.0,0,0.0,0.0
sub-3300002,muffins_11g_all-cols.csv,7,0.033816425120772944,0.018518518518518517,24,0.11594202898550725,0.06349206349206349,20,0.0966183574879227,0.05291005291005291,versatility,2,versatility versatility versatility versatility versatility,0,0.0,0.0,0,0.0,0.0,0,0.0,0.0,muffins exemplify exemplify exemplify exemplify versatility versatility versatility versatility versatility these scrumptious scrumptious delights delights,1,0.16666666666666666,0.06666666666666667,0,0.0,0.0,0,0.0,0.0
sub-3300002,muffins_11g_all-cols.csv,7,0.033816425120772944,0.018518518518518517,24,0.11594202898550725,0.06349206349206349,20,0.0966183574879227,0.05291005291005291,versatility,2,versatility versatility versatility versatility versatility,0,0.0,0.0,0,0.0,0.0,0,0.0,0.0,and occasions occasions occasions their versatility versatility versatility versatility versatility is not confined confined to,1,0.125,0.06666666666666667,0,0.0,0.0,0,0.0,0.0
sub-3300002,raspberries_11g_all-cols.csv,12,0.06282722513089005,0.03519061583577713,28,0.14659685863874344,0.08211143695014662,30,0.15706806282722513,0.08797653958944282,versatility,1,versatility versatility versatility versatility versatility,0,0.0,0.0,0,0.0,0.0,0,0.0,0.0,beverages beverages beverages beverages their versatility versatility versatility versatility versatility remains remains unmatched unmatched however,0,0.0,0.0,0,0.0,0.0,1,0.16666666666666666,0.06666666666666667
sub-3300002,trucks_11g_all-cols.csv,6,0.030927835051546393,0.01744186046511628,24,0.12371134020618557,0.06976744186046512,17,0.08762886597938144,0.04941860465116279,comfort,1,comfort comfort,0,0.0,0.0,0,0.0,0.0,0,0.0,0.0,efficiency efficiency safety safety and comfort comfort their interiors interiors interiors interiors,0,0.0,0.0,0,0.0,0.0,0,0.0,0.0
sub-3300002,sandals_11g_all-cols.csv,12,0.061224489795918366,0.034782608695652174,17,0.08673469387755102,0.04927536231884058,17,0.08673469387755102,0.04927536231884058,comfort,2,comfort comfort,0,0.0,0.0,0,0.0,0.0,0,0.0,0.0,foot which provides provides both comfort comfort and a buffer buffer against,2,0.2222222222222222,0.16666666666666666,1,0.1111111111111111,0.08333333333333333,2,0.2222222222222222,0.16666666666666666
sub-3300002,sandals_11g_all-cols.csv,12,0.061224489795918366,0.034782608695652174,17,0.08673469387755102,0.04927536231884058,17,0.08673469387755102,0.04927536231884058,comfort,2,comfort comfort,0,0.0,0.0,0,0.0,0.0,0,0.0,0.0,widespread appeal appeal beyond beyond comfort comfort and appearance appearance appearance sandals,1,0.14285714285714285,0.08333333333333333,0,0.0,0.0,0,0.0,0.0
sub-3300002,pine_11g_all-cols.csv,13,0.06735751295336788,0.04024767801857585,18,0.09326424870466321,0.05572755417956656,19,0.09844559585492228,0.058823529411764705,comfort,1,comfort comfort,0,0.0,0.0,0,0.0,0.0,0,0.0,0.0,seasons seasons they extend extend comfort comfort and provision provision provision to,0,0.0,0.0,0,0.0,0.0,0,0.0,0.0
sub-3300002,cars_11g_all-cols.csv,11,0.05641025641025641,0.03225806451612903,12,0.06153846153846154,0.03519061583577713,16,0.08205128205128205,0.0469208211143695,comfort,1,comforts comforts,0,0.0,0.0,0,0.0,0.0,0,0.0,0.0,dashboards dashboards and other other comforts comforts on the outside outside they,0,0.0,0.0,1,0.125,0.08333333333333333,1,0.125,0.08333333333333333
sub-3300002,cupcakes_11g_all-cols.csv,16,0.08,0.0440771349862259,14,0.07,0.03856749311294766,11,0.055,0.030303030303030304,unique,1,unique unique,0,0.0,0.0,0,0.0,0.0,0,0.0,0.0,introduces introduces introduces introduces a unique unique dimension dimension dimension to the,0,0.0,0.0,0,0.0,0.0,0,0.0,0.0
sub-3300002,blackberries_11g_all-cols.csv,9,0.05142857142857143,0.02857142857142857,11,0.06285714285714286,0.03492063492063492,10,0.05714285714285714,0.031746031746031744,unique,1,unique unique,0,0.0,0.0,0,0.0,0.0,0,0.0,0.0,one to relish relish their unique unique taste and to treasure treasure,0,0.0,0.0,0,0.0,0.0,0,0.0,0.0
sub-3300002,giraffe_11g_all-cols.csv,7,0.03553299492385787,0.02023121387283237,15,0.07614213197969544,0.04335260115606936,12,0.06091370558375635,0.03468208092485549,unique,1,unique unique,0,0.0,0.0,0,0.0,0.0,0,0.0,0.0,of patterns patterns each one unique unique akin akin to a human,0,0.0,0.0,0,0.0,0.0,0,0.0,0.0
sub-3300002,trucks_11g_all-cols.csv,6,0.030927835051546393,0.01744186046511628,24,0.12371134020618557,0.06976744186046512,17,0.08762886597938144,0.04941860465116279,design,2,design design,0,0.0,0.0,0,0.0,0.0,0,0.0,0.0,attention attention on roads their design design has evolved evolved over over,0,0.0,0.0,0,0.0,0.0,0,0.0,0.0
sub-3300002,trucks_11g_all-cols.csv,6,0.030927835051546393,0.01744186046511628,24,0.12371134020618557,0.06976744186046512,17,0.08762886597938144,0.04941860465116279,design,2,designed designed,0,0.0,0.0,0,0.0,0.0,0,0.0,0.0,exteriors exteriors exteriors exteriors are designed designed for function function streamlined streamlined,0,0.0,0.0,0,0.0,0.0,0,0.0,0.0
sub-3300002,sandals_11g_all-cols.csv,12,0.061224489795918366,0.034782608695652174,17,0.08673469387755102,0.04927536231884058,17,0.08673469387755102,0.04927536231884058,design,1,designs designs,0,0.0,0.0,0,0.0,0.0,0,0.0,0.0,clean understated understated understated understated designs designs to intricate intricate intricate patterns,0,0.0,0.0,0,0.0,0.0,0,0.0,0.0
sub-3300002,pens_11g_all-cols.csv,8,0.043243243243243246,0.025,14,0.07567567567567568,0.04375,11,0.05945945945945946,0.034375,design,1,designed designed,0,0.0,0.0,0,0.0,0.0,0,0.0,0.0,into enduring enduring enduring strokes designed designed gracefully gracefully gracefully with a,0,0.0,0.0,0,0.0,0.0,0,0.0,0.0
sub-3300002,cars_11g_all-cols.csv,11,0.05641025641025641,0.03225806451612903,12,0.06153846153846154,0.03519061583577713,16,0.08205128205128205,0.0469208211143695,design,1,design design,0,0.0,0.0,0,0.0,0.0,0,0.0,0.0,over over the years their design design has matured matured embracing embracing,1,0.125,0.08333333333333333,0,0.0,0.0,1,0.125,0.08333333333333333
sub-3300002,boots_11g_all-cols.csv,7,0.035,0.019886363636363636,12,0.06,0.03409090909090909,23,0.115,0.06534090909090909,design,2,design design,0,0.0,0.0,0,0.0,0.0,1,1.0,0.5,history history and diverse diverse design design variations variations variations variations have,0,0.0,0.0,0,0.0,0.0,2,0.3333333333333333,0.16666666666666666
sub-3300002,boots_11g_all-cols.csv,7,0.035,0.019886363636363636,12,0.06,0.03409090909090909,23,0.115,0.06534090909090909,design,2,designs designs,0,0.0,0.0,0,0.0,0.0,0,0.0,0.0,status status their varied varied designs designs reflect reflect the world's various,0,0.0,0.0,0,0.0,0.0,0,0.0,0.0
sub-3300002,cupcakes_11g_all-cols.csv,16,0.08,0.0440771349862259,14,0.07,0.03856749311294766,11,0.055,0.030303030303030304,food,1,foodies foodies,0,0.0,0.0,0,0.0,0.0,0,0.0,0.0,sophisticated sophisticated sophisticated sophisticated sophisticated foodies foodies with their intricate intricate intricate,0,0.0,0.0,5,1.0,0.4166666666666667,1,0.2,0.08333333333333333
sub-3300002,elephant_11g_all-cols.csv,11,0.05555555555555555,0.031791907514450865,32,0.16161616161616163,0.09248554913294797,13,0.06565656565656566,0.03757225433526012,food,1,food,0,0.0,0.0,0,0.0,0.0,0,0.0,0.0,utilize utilize to gather gather food from both the ground and,0,0.0,0.0,2,0.2222222222222222,0.18181818181818182,1,0.1111111111111111,0.09090909090909091
sub-3300002,pens_11g_all-cols.csv,8,0.043243243243243246,0.025,14,0.07567567567567568,0.04375,11,0.05945945945945946,0.034375,artists,1,artists artists,0,0.0,0.0,0,0.0,0.0,0,0.0,0.0,beyond beyond just writing writing artists artists have also also treasured treasured,0,0.0,0.0,0,0.0,0.0,0,0.0,0.0
sub-3300002,pencils_11g_all-cols.csv,16,0.08376963350785341,0.049079754601226995,19,0.09947643979057591,0.05828220858895705,14,0.07329842931937172,0.04294478527607362,artists,1,artists artists,0,0.0,0.0,0,0.0,0.0,0,0.0,0.0,beyond beyond mere writing writing artists artists too have cherished cherished it,0,0.0,0.0,3,0.375,0.25,1,0.125,0.08333333333333333
sub-3300002,sandals_11g_all-cols.csv,12,0.061224489795918366,0.034782608695652174,17,0.08673469387755102,0.04927536231884058,17,0.08673469387755102,0.04927536231884058,shades,1,shades,0,0.0,0.0,0,0.0,0.0,0,0.0,0.0,and the textures textures and shades they come in further further,0,0.0,0.0,0,0.0,0.0,0,0.0,0.0
sub-3300002,pens_11g_all-cols.csv,8,0.043243243243243246,0.025,14,0.07567567567567568,0.04375,11,0.05945945945945946,0.034375,shades,1,shades,0,0.0,0.0,0,0.0,0.0,0,0.0,0.0,paper the spectrum spectrum of shades and effects effects achievable achievable,2,0.25,0.18181818181818182,0,0.0,0.0,1,0.125,0.09090909090909091
sub-3300002,raspberries_11g_all-cols.csv,12,0.06282722513089005,0.03519061583577713,28,0.14659685863874344,0.08211143695014662,30,0.15706806282722513,0.08797653958944282,ranges,1,ranges ranges,0,0.0,0.0,0,0.0,0.0,1,1.0,0.5,spectrum of raspberries raspberries raspberries ranges ranges from a deep passionate passionate,0,0.0,0.0,0,0.0,0.0,2,0.25,0.16666666666666666
sub-3300002,cupcakes_11g_all-cols.csv,16,0.08,0.0440771349862259,14,0.07,0.03856749311294766,11,0.055,0.030303030303030304,culinary,1,culinary culinary culinary culinary,0,0.0,0.0,0,0.0,0.0,0,0.0,0.0,dimension dimension dimension to the culinary culinary culinary culinary adventure adventure adventure elevating elevating,0,0.0,0.0,0,0.0,0.0,0,0.0,0.0
sub-3300002,blackberries_11g_all-cols.csv,9,0.05142857142857143,0.02857142857142857,11,0.06285714285714286,0.03492063492063492,10,0.05714285714285714,0.031746031746031744,culinary,2,culinary culinary culinary culinary,1,1.0,0.25,0,0.0,0.0,0,0.0,0.0,velvety black when used in culinary culinary culinary culinary masterpieces masterpieces masterpieces masterpieces blackberries,1,0.125,0.07142857142857142,0,0.0,0.0,0,0.0,0.0
sub-3300002,blackberries_11g_all-cols.csv,9,0.05142857142857143,0.02857142857142857,11,0.06285714285714286,0.03492063492063492,10,0.05714285714285714,0.031746031746031744,culinary,2,culinary culinary culinary culinary,0,0.0,0.0,0,0.0,0.0,0,0.0,0.0,adaptable adaptable beyond beyond their culinary culinary culinary culinary charm blackberries blackberries blackberries bring,0,0.0,0.0,0,0.0,0.0,0,0.0,0.0
sub-3300002,muffins_11g_all-cols.csv,7,0.033816425120772944,0.018518518518518517,24,0.11594202898550725,0.06349206349206349,20,0.0966183574879227,0.05291005291005291,culinary,1,culinary culinary culinary culinary,0,0.0,0.0,0,0.0,0.0,0,0.0,0.0,truly truly exquisite exquisite exquisite culinary culinary culinary culinary journey journey,0,0.0,0.0,0,0.0,0.0,0,0.0,0.0
sub-3300002,raspberries_11g_all-cols.csv,12,0.06282722513089005,0.03519061583577713,28,0.14659685863874344,0.08211143695014662,30,0.15706806282722513,0.08797653958944282,culinary,1,culinary culinary culinary,0,0.0,0.0,0,0.0,0.0,0,0.0,0.0,incorporated incorporated incorporated into into culinary culinary culinary endeavors endeavors endeavors raspberries raspberries,0,0.0,0.0,0,0.0,0.0,0,0.0,0.0
sub-3300002,oak_11g_all-cols.csv,14,0.07291666666666667,0.04375,12,0.0625,0.0375,10,0.052083333333333336,0.03125,trees,5,trees,0,0.0,0.0,0,0.0,0.0,0,0.0,0.0,oak trees with their sturdy sturdy and,0,0.0,0.0,0,0.0,0.0,0,0.0,0.0
sub-3300002,oak_11g_all-cols.csv,14,0.07291666666666667,0.04375,12,0.0625,0.0375,10,0.052083333333333336,0.03125,trees,5,trees,0,0.0,0.0,0,0.0,0.0,0,0.0,0.0,resilience resilience and strength these trees are characterized characterized characterized characterized,0,0.0,0.0,0,0.0,0.0,0,0.0,0.0
sub-3300002,oak_11g_all-cols.csv,14,0.07291666666666667,0.04375,12,0.0625,0.0375,10,0.052083333333333336,0.03125,trees,5,trees,0,0.0,0.0,0,0.0,0.0,0,0.0,0.0,these venerable venerable venerable venerable trees that many many find a,1,0.14285714285714285,0.09090909090909091,5,0.7142857142857143,0.45454545454545453,1,0.14285714285714285,0.09090909090909091
sub-3300002,oak_11g_all-cols.csv,14,0.07291666666666667,0.04375,12,0.0625,0.0375,10,0.052083333333333336,0.03125,trees,5,trees,0,0.0,0.0,0,0.0,0.0,0,0.0,0.0,natural natural natural world oak trees bear witness witness to the,0,0.0,0.0,0,0.0,0.0,0,0.0,0.0
sub-3300002,oak_11g_all-cols.csv,14,0.07291666666666667,0.04375,12,0.0625,0.0375,10,0.052083333333333336,0.03125,trees,5,trees,0,0.0,0.0,0,0.0,0.0,0,0.0,0.0,embodied embodied embodied by oak trees infuse infuse the surrounding surrounding,2,0.2857142857142857,0.18181818181818182,0,0.0,0.0,0,0.0,0.0
sub-3300002,pine_11g_all-cols.csv,13,0.06735751295336788,0.04024767801857585,18,0.09326424870466321,0.05572755417956656,19,0.09844559585492228,0.058823529411764705,trees,5,trees,0,0.0,0.0,0,0.0,0.0,0,0.0,0.0,pine trees in their resolute resolute resolute,0,0.0,0.0,0,0.0,0.0,1,0.2,0.14285714285714285
sub-3300002,pine_11g_all-cols.csv,13,0.06735751295336788,0.04024767801857585,18,0.09326424870466321,0.05572755417956656,19,0.09844559585492228,0.058823529411764705,trees,5,trees,0,0.0,0.0,0,0.0,0.0,0,0.0,0.0,and fortitude fortitude fortitude these trees distinguish distinguish distinguish themselves themselves,0,0.0,0.0,0,0.0,0.0,0,0.0,0.0
sub-3300002,pine_11g_all-cols.csv,13,0.06735751295336788,0.04024767801857585,18,0.09326424870466321,0.05572755417956656,19,0.09844559585492228,0.058823529411764705,trees,5,trees,0,0.0,0.0,0,0.0,0.0,0,0.0,0.0,the shelter shelter of these trees that many many encounter encounter,0,0.0,0.0,0,0.0,0.0,1,0.125,0.09090909090909091
sub-3300002,pine_11g_all-cols.csv,13,0.06735751295336788,0.04024767801857585,18,0.09326424870466321,0.05572755417956656,19,0.09844559585492228,0.058823529411764705,trees,5,trees,0,0.0,0.0,0,0.0,0.0,0,0.0,0.0,the transient transient transient pine trees are the chroniclers chroniclers chroniclers,1,0.14285714285714285,0.09090909090909091,0,0.0,0.0,0,0.0,0.0
sub-3300002,pine_11g_all-cols.csv,13,0.06735751295336788,0.04024767801857585,18,0.09326424870466321,0.05572755417956656,19,0.09844559585492228,0.058823529411764705,trees,5,trees,0,0.0,0.0,0,0.0,0.0,0,0.0,0.0,manifested manifested manifested by pine trees saturate saturate saturate the neighboring,0,0.0,0.0,0,0.0,0.0,1,0.14285714285714285,0.09090909090909091
sub-3300002,giraffe_11g_all-cols.csv,7,0.03553299492385787,0.02023121387283237,15,0.07614213197969544,0.04335260115606936,12,0.06091370558375635,0.03468208092485549,trees,1,trees,0,0.0,0.0,0,0.0,0.0,0,0.0,0.0,employ to browse the tall trees of their native native habitats,1,0.1,0.09090909090909091,0,0.0,0.0,0,0.0,0.0
sub-3300002,elephant_11g_all-cols.csv,11,0.05555555555555555,0.031791907514450865,32,0.16161616161616163,0.09248554913294797,13,0.06565656565656566,0.03757225433526012,trees,1,trees,0,0.0,0.0,0,0.0,0.0,0,0.0,0.0,from both the ground and trees of their variety variety variety,0,0.0,0.0,4,0.4444444444444444,0.36363636363636365,2,0.2222222222222222,0.18181818181818182
sub-3300003,trucks_9g_all-cols.csv,7,0.03535353535353535,0.021021021021021023,27,0.13636363636363635,0.08108108108108109,39,0.19696969696969696,0.11711711711711711,ingenuity,1,ingenuity ingenuity ingenuity ingenuity ingenuity,1,1.0,0.2,1,1.0,0.2,0,0.0,0.0,testament testament to human human ingenuity ingenuity ingenuity ingenuity ingenuity playing playing a pivotal pivotal,1,0.14285714285714285,0.06666666666666667,1,0.14285714285714285,0.06666666666666667,0,0.0,0.0
sub-3300003,cupcakes_9g_all-cols.csv,4,0.019704433497536946,0.011661807580174927,23,0.11330049261083744,0.06705539358600583,16,0.07881773399014778,0.04664723032069971,ingenuity,1,ingenuity ingenuity ingenuity ingenuity ingenuity,1,1.0,0.2,1,1.0,0.2,1,1.0,0.2,into its making making the ingenuity ingenuity ingenuity ingenuity ingenuity behind behind cupcakes cupcakes makes,1,0.125,0.06666666666666667,1,0.125,0.06666666666666667,1,0.125,0.06666666666666667
sub-3300003,tulips_9g_all-cols.csv,3,0.015625,0.010344827586206896,7,0.036458333333333336,0.02413793103448276,14,0.07291666666666667,0.04827586206896552,inspire,1,inspire inspire inspire,0,0.0,0.0,0,0.0,0.0,0,0.0,0.0,gardens gardens but they do inspire inspire inspire deep emotions emotions emotions and,0,0.0,0.0,0,0.0,0.0,0,0.0,0.0
sub-3300003,roses_9g_all-cols.csv,12,0.06593406593406594,0.04225352112676056,23,0.12637362637362637,0.08098591549295775,13,0.07142857142857142,0.045774647887323945,inspire,1,inspired inspired inspired,0,0.0,0.0,0,0.0,0.0,0,0.0,0.0,palaces palaces palaces and have inspired inspired inspired sonnets sonnets from poets poets,0,0.0,0.0,0,0.0,0.0,0,0.0,0.0
sub-3300003,trucks_9g_all-cols.csv,7,0.03535353535353535,0.021021021021021023,27,0.13636363636363635,0.08108108108108109,39,0.19696969696969696,0.11711711711711711,vast,1,vast,0,0.0,0.0,0,0.0,0.0,0,0.0,0.0,endurance endurance they cover cover vast distances distances distances laden laden,0,0.0,0.0,0,0.0,0.0,0,0.0,0.0
sub-3300003,cars_9g_all-cols.csv,13,0.06435643564356436,0.03823529411764706,22,0.10891089108910891,0.06470588235294118,15,0.07425742574257425,0.04411764705882353,vast,1,vast,0,0.0,0.0,0,0.0,0.0,0,0.0,0.0,reliability and can traverse traverse vast landscapes landscapes to bring people,0,0.0,0.0,0,0.0,0.0,1,0.1111111111111111,0.09090909090909091
sub-3300003,cars_9g_all-cols.csv,13,0.06435643564356436,0.03823529411764706,22,0.10891089108910891,0.06470588235294118,15,0.07425742574257425,0.04411764705882353,momentum,1,momentum momentum momentum,0,0.0,0.0,0,0.0,0.0,0,0.0,0.0,essence essence of forward forward momentum momentum momentum in understanding understanding understanding understanding,2,0.3333333333333333,0.15384615384615385,3,0.5,0.23076923076923078,1,0.16666666666666666,0.07692307692307693
sub-3300003,elephants_9g_all-cols.csv,10,0.04807692307692308,0.028328611898016998,16,0.07692307692307693,0.0453257790368272,19,0.09134615384615384,0.053824362606232294,momentum,1,momentum momentum momentum,0,0.0,0.0,0,0.0,0.0,1,1.0,0.3333333333333333,provoked when they charge their momentum momentum momentum can be astonishing astonishing astonishing,0,0.0,0.0,0,0.0,0.0,1,0.1111111111111111,0.07692307692307693
sub-3300003,muffins_9g_all-cols.csv,7,0.03317535545023697,0.01928374655647383,30,0.14218009478672985,0.08264462809917356,20,0.0947867298578199,0.05509641873278237,culinary,2,culinary culinary culinary culinary,0,0.0,0.0,0,0.0,0.0,0,0.0,0.0,distinct layer layer to the culinary culinary culinary culinary experience experience experience experience this,0,0.0,0.0,0,0.0,0.0,1,0.14285714285714285,0.07142857142857142
sub-3300003,muffins_9g_all-cols.csv,7,0.03317535545023697,0.01928374655647383,30,0.14218009478672985,0.08264462809917356,20,0.0947867298578199,0.05509641873278237,culinary,2,culinary culinary culinary culinary,0,0.0,0.0,0,0.0,0.0,0,0.0,0.0,truly truly exquisite exquisite exquisite culinary culinary culinary culinary journey journey,0,0.0,0.0,0,0.0,0.0,0,0.0,0.0
sub-3300003,cupcakes_9g_all-cols.csv,4,0.019704433497536946,0.011661807580174927,23,0.11330049261083744,0.06705539358600583,16,0.07881773399014778,0.04664723032069971,culinary,1,culinary culinary culinary culinary,0,0.0,0.0,0,0.0,0.0,0,0.0,0.0,dimension dimension dimension to the culinary culinary culinary culinary adventure adventure adventure elevating elevating,0,0.0,0.0,0,0.0,0.0,0,0.0,0.0
sub-3300003,blackberries_9g_all-cols.csv,9,0.05202312138728324,0.03,18,0.10404624277456648,0.06,8,0.046242774566473986,0.02666666666666667,nature,2,nature nature,0,0.0,0.0,0,0.0,0.0,0,0.0,0.0,their brief presence presence in nature nature serves as a gentle gentle,0,0.0,0.0,0,0.0,0.0,0,0.0,0.0
sub-3300003,blackberries_9g_all-cols.csv,9,0.05202312138728324,0.03,18,0.10404624277456648,0.06,8,0.046242774566473986,0.02666666666666667,nature,2,nature nature,0,0.0,0.0,1,1.0,0.5,1,1.0,0.5,life the seasonal seasonal seasonal nature nature of blackberries blackberries blackberries encourages,0,0.0,0.0,2,0.2857142857142857,0.16666666666666666,1,0.14285714285714285,0.08333333333333333
sub-3300003,oak_9g_all-cols.csv,8,0.041025641025641026,0.026578073089700997,23,0.11794871794871795,0.07641196013289037,15,0.07692307692307693,0.04983388704318937,nature,1,nature nature,0,0.0,0.0,0,0.0,0.0,0,0.0,0.0,the resilience resilience resilience of nature nature the roots of these magnificent,0,0.0,0.0,0,0.0,0.0,0,0.0,0.0
sub-3300003,finches_9g_all-cols.csv,10,0.056179775280898875,0.03322259136212625,19,0.10674157303370786,0.06312292358803986,13,0.07303370786516854,0.04318936877076412,nature,2,nature's nature's,0,0.0,0.0,2,2.0,1.0,0,0.0,0.0,environments environments demonstrates demonstrates demonstrates nature's nature's prowess prowess at fostering fostering,1,0.16666666666666666,0.08333333333333333,4,0.6666666666666666,0.3333333333333333,2,0.3333333333333333,0.16666666666666666
sub-3300003,finches_9g_all-cols.csv,10,0.056179775280898875,0.03322259136212625,19,0.10674157303370786,0.06312292358803986,13,0.07303370786516854,0.04318936877076412,nature,2,nature nature,0,0.0,0.0,0,0.0,0.0,0,0.0,0.0,of the beauty beauty of nature nature and to develop develop develop,0,0.0,0.0,0,0.0,0.0,0,0.0,0.0
sub-3300003,sparrows_9g_all-cols.csv,13,0.07386363636363637,0.042483660130718956,27,0.1534090909090909,0.08823529411764706,18,0.10227272727272728,0.058823529411764705,nature,4,nature nature,0,0.0,0.0,0,0.0,0.0,0,0.0,0.0,and survivalist survivalist survivalist survivalist nature nature their soft colors colors and,0,0.0,0.0,0,0.0,0.0,0,0.0,0.0
sub-3300003,sparrows_9g_all-cols.csv,13,0.07386363636363637,0.042483660130718956,27,0.1534090909090909,0.08823529411764706,18,0.10227272727272728,0.058823529411764705,nature,4,nature's nature's,0,0.0,0.0,1,1.0,0.5,0,0.0,0.0,diverse conditions conditions conditions shows nature's nature's skill in molding molding versatility,0,0.0,0.0,3,0.375,0.25,1,0.125,0.08333333333333333
sub-3300003,sparrows_9g_all-cols.csv,13,0.07386363636363637,0.042483660130718956,27,0.1534090909090909,0.08823529411764706,18,0.10227272727272728,0.058823529411764705,nature,4,nature nature,0,0.0,0.0,0,0.0,0.0,0,0.0,0.0,intricate intricate patterns patterns of nature nature and deepens deepens our our,0,0.0,0.0,1,0.14285714285714285,0.08333333333333333,1,0.14285714285714285,0.08333333333333333
sub-3300003,sparrows_9g_all-cols.csv,13,0.07386363636363637,0.042483660130718956,27,0.1534090909090909,0.08823529411764706,18,0.10227272727272728,0.058823529411764705,nature,4,nature nature,0,0.0,0.0,0,0.0,0.0,0,0.0,0.0,and persistence persistence persistence in nature nature,0,0.0,0.0,0,0.0,0.0,0,0.0,0.0
sub-3300003,raspberries_9g_all-cols.csv,4,0.02247191011235955,0.012779552715654952,24,0.1348314606741573,0.07667731629392971,19,0.10674157303370786,0.06070287539936102,nature,2,nature's nature's,0,0.0,0.0,0,0.0,0.0,0,0.0,0.0,they epitomize epitomize epitomize epitomize nature's nature's offering offering offering of luxury,0,0.0,0.0,1,0.16666666666666666,0.08333333333333333,4,0.6666666666666666,0.3333333333333333
sub-3300003,raspberries_9g_all-cols.csv,4,0.02247191011235955,0.012779552715654952,24,0.1348314606741573,0.07667731629392971,19,0.10674157303370786,0.06070287539936102,nature,2,nature nature,0,0.0,0.0,0,0.0,0.0,0,0.0,0.0,yet their transient transient transient nature nature reminds reminds us of life's,1,0.125,0.08333333333333333,0,0.0,0.0,0,0.0,0.0
sub-3300003,muffins_9g_all-cols.csv,7,0.03317535545023697,0.01928374655647383,30,0.14218009478672985,0.08264462809917356,20,0.0947867298578199,0.05509641873278237,exquisite,1,exquisite exquisite exquisite,0,0.0,0.0,0,0.0,0.0,0,0.0,0.0,makes them a truly truly exquisite exquisite exquisite culinary culinary culinary culinary journey,0,0.0,0.0,0,0.0,0.0,0,0.0,0.0
sub-3300003,cars_9g_all-cols.csv,13,0.06435643564356436,0.03823529411764706,22,0.10891089108910891,0.06470588235294118,15,0.07425742574257425,0.04411764705882353,tranquil,1,tranquil tranquil,0,0.0,0.0,1,1.0,0.5,0,0.0,0.0,bustling city city to the tranquil tranquil countryside countryside countryside the hum,0,0.0,0.0,3,0.375,0.25,2,0.25,0.16666666666666666
sub-3300003,giraffe_9g_all-cols.csv,7,0.03349282296650718,0.0196078431372549,23,0.11004784688995216,0.06442577030812324,17,0.08133971291866028,0.047619047619047616,tranquil,1,tranquil tranquil,0,0.0,0.0,1,1.0,0.5,0,0.0,0.0,rather rather serene serene and tranquil tranquil disposition disposition disposition disposition only,0,0.0,0.0,2,0.3333333333333333,0.16666666666666666,1,0.16666666666666666,0.08333333333333333
sub-3300004,raspberries_11g_all-cols.csv,15,0.07853403141361257,0.04398826979472141,3,0.015706806282722512,0.008797653958944282,16,0.08376963350785341,0.0469208211143695,vitamins,1,vitamins vitamins vitamins,0,0.0,0.0,0,0.0,0.0,0,0.0,0.0,wellbeing wellbeing wellbeing rich in vitamins vitamins vitamins fiber fiber and antioxidants antioxidants,0,0.0,0.0,0,0.0,0.0,0,0.0,0.0
sub-3300004,blackberries_11g_all-cols.csv,12,0.06857142857142857,0.0380952380952381,15,0.08571428571428572,0.047619047619047616,10,0.05714285714285714,0.031746031746031744,vitamins,1,vitamins vitamins vitamins,0,0.0,0.0,0,0.0,0.0,0,0.0,0.0,health abundant abundant abundant in vitamins vitamins vitamins fiber fiber and natural natural,0,0.0,0.0,0,0.0,0.0,0,0.0,0.0
sub-3300004,giraffe_11g_all-cols.csv,25,0.12690355329949238,0.07225433526011561,12,0.06091370558375635,0.03468208092485549,17,0.08629441624365482,0.049132947976878616,giraffes,2,giraffes giraffes,0,0.0,0.0,0,0.0,0.0,0,0.0,0.0,giraffes giraffes are magnificent magnificent magnificent magnificent,1,0.3333333333333333,0.14285714285714285,0,0.0,0.0,0,0.0,0.0
sub-3300004,giraffe_11g_all-cols.csv,25,0.12690355329949238,0.07225433526011561,12,0.06091370558375635,0.03468208092485549,17,0.08629441624365482,0.049132947976878616,giraffes,2,giraffes giraffes,0,0.0,0.0,0,0.0,0.0,0,0.0,0.0,underscores the wonder wonder of giraffes giraffes,1,0.2,0.14285714285714285,0,0.0,0.0,0,0.0,0.0
sub-3300004,sandals_11g_all-cols.csv,20,0.10204081632653061,0.057971014492753624,19,0.09693877551020408,0.05507246376811594,26,0.1326530612244898,0.07536231884057971,patterns,1,patterns patterns,0,0.0,0.0,0,0.0,0.0,0,0.0,0.0,designs to intricate intricate intricate patterns patterns sandals sandals appeal appeal to,1,0.14285714285714285,0.08333333333333333,2,0.2857142857142857,0.16666666666666666,1,0.14285714285714285,0.08333333333333333
sub-3300004,sparrows_11g_all-cols.csv,24,0.12972972972972974,0.07250755287009064,11,0.05945945945945946,0.03323262839879154,30,0.16216216216216217,0.09063444108761329,patterns,1,patterns patterns,0,0.0,0.0,2,2.0,1.0,2,2.0,1.0,of the intricate intricate intricate patterns patterns of nature nature and deepens,3,0.375,0.25,3,0.375,0.25,3,0.375,0.25
sub-3300004,giraffe_11g_all-cols.csv,25,0.12690355329949238,0.07225433526011561,12,0.06091370558375635,0.03468208092485549,17,0.08629441624365482,0.049132947976878616,patterns,2,patterns patterns,0,0.0,0.0,0,0.0,0.0,0,0.0,0.0,distinctive mosaic mosaic mosaic of patterns patterns each one unique unique akin,2,0.25,0.16666666666666666,0,0.0,0.0,3,0.375,0.25
sub-3300004,giraffe_11g_all-cols.csv,25,0.12690355329949238,0.07225433526011561,12,0.06091370558375635,0.03468208092485549,17,0.08629441624365482,0.049132947976878616,patterns,2,patterns patterns,0,0.0,0.0,0,0.0,0.0,0,0.0,0.0,human fingerprint fingerprint fingerprint these patterns patterns not only only add to,0,0.0,0.0,0,0.0,0.0,0,0.0,0.0
sub-3300004,giraffe_11g_all-cols.csv,25,0.12690355329949238,0.07225433526011561,12,0.06091370558375635,0.03468208092485549,17,0.08629441624365482,0.049132947976878616,camouflage,1,camouflage camouflage camouflage,1,1.0,0.3333333333333333,0,0.0,0.0,0,0.0,0.0,serve as effective effective effective camouflage camouflage camouflage in their surroundings surroundings surroundings,1,0.14285714285714285,0.07692307692307693,0,0.0,0.0,1,0.14285714285714285,0.07692307692307693
sub-3300006,cupcakes_9g_all-cols.csv,5,0.024630541871921183,0.014577259475218658,9,0.04433497536945813,0.026239067055393587,10,0.04926108374384237,0.029154518950437316,ingenuity,1,ingenuity ingenuity ingenuity ingenuity ingenuity,0,0.0,0.0,0,0.0,0.0,0,0.0,0.0,into its making making the ingenuity ingenuity ingenuity ingenuity ingenuity behind behind cupcakes cupcakes makes,0,0.0,0.0,0,0.0,0.0,0,0.0,0.0
sub-3300006,trucks_9g_all-cols.csv,4,0.020202020202020204,0.012012012012012012,18,0.09090909090909091,0.05405405405405406,18,0.09090909090909091,0.05405405405405406,ingenuity,1,ingenuity ingenuity ingenuity ingenuity ingenuity,0,0.0,0.0,0,0.0,0.0,0,0.0,0.0,testament testament to human human ingenuity ingenuity ingenuity ingenuity ingenuity playing playing a pivotal pivotal,0,0.0,0.0,0,0.0,0.0,0,0.0,0.0
sub-3300006,raspberries_9g_all-cols.csv,10,0.056179775280898875,0.03194888178913738,20,0.11235955056179775,0.06389776357827476,21,0.11797752808988764,0.0670926517571885,appearance,1,appearance appearance appearance,0,0.0,0.0,0,0.0,0.0,0,0.0,0.0,gives them a hollow hollow appearance appearance appearance as they mature mature the,0,0.0,0.0,0,0.0,0.0,0,0.0,0.0
sub-3300006,sandals_9g_all-cols.csv,10,0.05025125628140704,0.029154518950437316,20,0.10050251256281408,0.05830903790087463,14,0.07035175879396985,0.04081632653061224,appearance,1,appearance appearance appearance,0,0.0,0.0,0,0.0,0.0,0,0.0,0.0,beyond beyond comfort comfort and appearance appearance appearance sandals sandals project project a,1,0.14285714285714285,0.07692307692307693,0,0.0,0.0,0,0.0,0.0
sub-3300006,elephants_9g_all-cols.csv,11,0.052884615384615384,0.031161473087818695,29,0.13942307692307693,0.0821529745042493,19,0.09134615384615384,0.053824362606232294,appearance,1,appearance appearance appearance,0,0.0,0.0,0,0.0,0.0,0,0.0,0.0,their captivating captivating captivating captivating appearance appearance appearance but also also offers offers,0,0.0,0.0,0,0.0,0.0,0,0.0,0.0
sub-3300006,cupcakes_9g_all-cols.csv,5,0.024630541871921183,0.014577259475218658,9,0.04433497536945813,0.026239067055393587,10,0.04926108374384237,0.029154518950437316,nuance,1,nuances nuances nuances,0,0.0,0.0,0,0.0,0.0,0,0.0,0.0,intricate intricate flavors flavors and nuances nuances nuances an enticing enticing enticing scent,0,0.0,0.0,0,0.0,0.0,0,0.0,0.0
sub-3300006,roses_9g_all-cols.csv,1,0.005494505494505495,0.0035211267605633804,14,0.07692307692307693,0.04929577464788732,16,0.08791208791208792,0.056338028169014086,nuance,1,nuances nuances nuances,0,0.0,0.0,0,0.0,0.0,0,0.0,0.0,reminder reminder reminder of the nuances nuances nuances of existence existence existence urging,0,0.0,0.0,0,0.0,0.0,2,0.2857142857142857,0.15384615384615385
sub-3300006,pine_9g_all-cols.csv,12,0.06315789473684211,0.04013377926421405,9,0.04736842105263158,0.030100334448160536,7,0.03684210526315789,0.023411371237458192,vigor,1,vigor vigor,0,0.0,0.0,0,0.0,0.0,0,0.0,0.0,woodland embodying embodying embodying embodying vigor vigor and grit these trees distinguish,0,0.0,0.0,0,0.0,0.0,0,0.0,0.0
sub-3300006,oak_9g_all-cols.csv,7,0.035897435897435895,0.023255813953488372,24,0.12307692307692308,0.07973421926910298,20,0.10256410256410256,0.0664451827242525,vigor,1,vigor vigor,0,0.0,0.0,0,0.0,0.0,0,0.0,0.0,extensively signifying signifying signifying signifying vigor vigor and durability durability durability durability,1,0.2,0.08333333333333333,4,0.8,0.3333333333333333,4,0.8,0.3333333333333333
sub-3300006,elephants_9g_all-cols.csv,11,0.052884615384615384,0.031161473087818695,29,0.13942307692307693,0.0821529745042493,19,0.09134615384615384,0.053824362606232294,majesty,1,majesty majesty majesty,1,1.0,0.3333333333333333,2,2.0,0.6666666666666666,1,1.0,0.3333333333333333,waterholes waterholes this blend of majesty majesty majesty and strength truly truly emphasizes,4,0.4444444444444444,0.3076923076923077,2,0.2222222222222222,0.15384615384615385,1,0.1111111111111111,0.07692307692307693
sub-3300006,boots_9g_all-cols.csv,3,0.014705882352941176,0.008695652173913044,37,0.18137254901960784,0.1072463768115942,20,0.09803921568627451,0.057971014492753624,sleek,1,sleek,0,0.0,0.0,0,0.0,0.0,0,0.0,0.0,preferences preferences and needs from sleek minimal minimal minimal profiles profiles,0,0.0,0.0,0,0.0,0.0,0,0.0,0.0
sub-3300006,cars_9g_all-cols.csv,6,0.0297029702970297,0.01764705882352941,12,0.0594059405940594,0.03529411764705882,7,0.034653465346534656,0.020588235294117647,sleek,2,sleek,1,1.0,1.0,0,0.0,0.0,0,0.0,0.0,exploration exploration exploration exploration these sleek vehicles vehicles vehicles represent represent,2,0.4,0.18181818181818182,0,0.0,0.0,0,0.0,0.0
sub-3300006,cars_9g_all-cols.csv,6,0.0297029702970297,0.01764705882352941,12,0.0594059405940594,0.03529411764705882,7,0.034653465346534656,0.020588235294117647,sleek,2,sleek,0,0.0,0.0,0,0.0,0.0,0,0.0,0.0,often feature feature soft chairs sleek dashboards dashboards and other other,0,0.0,0.0,0,0.0,0.0,0,0.0,0.0
sub-3300006,pens_9g_all-cols.csv,0,0.0,0.0,20,0.10526315789473684,0.06756756756756757,15,0.07894736842105263,0.05067567567567568,sleek,1,sleek,0,0.0,0.0,0,0.0,0.0,0,0.0,0.0,gracefully gracefully gracefully with a sleek body body the ink from,0,0.0,0.0,0,0.0,0.0,0,0.0,0.0
sub-3300008,raspberries_11g_all-cols.csv,3,0.015706806282722512,0.008797653958944282,13,0.06806282722513089,0.03812316715542522,16,0.08376963350785341,0.0469208211143695,exquisite,1,exquisite exquisite exquisite,0,0.0,0.0,0,0.0,0.0,0,0.0,0.0,one to savor savor their exquisite exquisite exquisite flavor flavor and to cherish,0,0.0,0.0,0,0.0,0.0,0,0.0,0.0
sub-3300008,muffins_11g_all-cols.csv,2,0.00966183574879227,0.005291005291005291,2,0.00966183574879227,0.005291005291005291,7,0.033816425120772944,0.018518518518518517,exquisite,1,exquisite exquisite exquisite,0,0.0,0.0,0,0.0,0.0,0,0.0,0.0,makes them a truly truly exquisite exquisite exquisite culinary culinary culinary culinary journey,0,0.0,0.0,0,0.0,0.0,0,0.0,0.0
sub-3300008,pine_11g_all-cols.csv,3,0.015544041450777202,0.009287925696594427,7,0.03626943005181347,0.021671826625386997,15,0.07772020725388601,0.04643962848297214,eternal,1,eternal eternal eternal,0,0.0,0.0,0,0.0,0.0,0,0.0,0.0,many encounter encounter encounter an eternal eternal eternal bond with the elements elements,0,0.0,0.0,0,0.0,0.0,0,0.0,0.0
sub-3300008,tulips_11g_all-cols.csv,2,0.010309278350515464,0.006191950464396285,6,0.030927835051546393,0.018575851393188854,8,0.041237113402061855,0.02476780185758514,tulips,2,tulips tulips,0,0.0,0.0,0,0.0,0.0,0,0.0,0.0,tulips tulips offer offer an undeniable undeniable,0,0.0,0.0,0,0.0,0.0,1,0.25,0.14285714285714285
sub-3300008,tulips_11g_all-cols.csv,2,0.010309278350515464,0.006191950464396285,6,0.030927835051546393,0.018575851393188854,8,0.041237113402061855,0.02476780185758514,tulips,2,tulips tulips,0,0.0,0.0,0,0.0,0.0,0,0.0,0.0,truly truly observe observe them tulips tulips are not merely merely about,0,0.0,0.0,0,0.0,0.0,0,0.0,0.0
sub-3300008,sparrows_11g_all-cols.csv,9,0.04864864864864865,0.027190332326283987,0,0.0,0.0,5,0.02702702702702703,0.015105740181268883,adaptability,1,adaptability adaptability adaptability adaptability adaptability adaptability,0,0.0,0.0,0,0.0,0.0,0,0.0,0.0,intricate intricate ballet ballet of adaptability adaptability adaptability adaptability adaptability adaptability and persistence persistence persistence in,0,0.0,0.0,0,0.0,0.0,0,0.0,0.0
sub-3300008,cupcakes_11g_all-cols.csv,9,0.045,0.024793388429752067,11,0.055,0.030303030303030304,10,0.05,0.027548209366391185,adaptability,2,adaptability adaptability adaptability adaptability adaptability adaptability,3,3.0,0.5,0,0.0,0.0,0,0.0,0.0,cupcakes exemplify exemplify exemplify exemplify adaptability adaptability adaptability adaptability adaptability adaptability these luscious luscious treats easily,3,0.42857142857142855,0.1875,0,0.0,0.0,0,0.0,0.0
sub-3300008,cupcakes_11g_all-cols.csv,9,0.045,0.024793388429752067,11,0.055,0.030303030303030304,10,0.05,0.027548209366391185,adaptability,2,adaptability adaptability adaptability adaptability adaptability adaptability,0,0.0,0.0,0,0.0,0.0,0,0.0,0.0,moments moments and moods this adaptability adaptability adaptability adaptability adaptability adaptability is not only only about,0,0.0,0.0,0,0.0,0.0,0,0.0,0.0
sub-3300008,boots_11g_all-cols.csv,7,0.035,0.019886363636363636,7,0.035,0.019886363636363636,9,0.045,0.02556818181818182,adaptability,1,adaptability adaptability adaptability adaptability adaptability adaptability,1,1.0,0.16666666666666666,0,0.0,0.0,0,0.0,0.0,appeal furthermore furthermore furthermore their adaptability adaptability adaptability adaptability adaptability adaptability across across various various various,1,0.16666666666666666,0.0625,0,0.0,0.0,0,0.0,0.0
sub-3300008,finches_11g_all-cols.csv,11,0.061452513966480445,0.03470031545741325,14,0.0782122905027933,0.04416403785488959,11,0.061452513966480445,0.03470031545741325,adaptability,2,adaptability adaptability adaptability adaptability adaptability adaptability,3,3.0,0.5,0,0.0,0.0,0,0.0,0.0,for their beauty beauty and adaptability adaptability adaptability adaptability adaptability adaptability their brilliant brilliant hues and,4,0.4444444444444444,0.25,0,0.0,0.0,0,0.0,0.0
sub-3300008,finches_11g_all-cols.csv,11,0.061452513966480445,0.03470031545741325,14,0.0782122905027933,0.04416403785488959,11,0.061452513966480445,0.03470031545741325,adaptability,2,adaptability adaptability adaptability adaptability adaptability adaptability,3,3.0,0.5,0,0.0,0.0,0,0.0,0.0,their remarkable remarkable remarkable remarkable adaptability adaptability adaptability adaptability adaptability adaptability to distinct distinct environments environments,4,0.6666666666666666,0.25,0,0.0,0.0,0,0.0,0.0
sub-3300008,raspberries_11g_all-cols.csv,3,0.015706806282722512,0.008797653958944282,13,0.06806282722513089,0.03812316715542522,16,0.08376963350785341,0.0469208211143695,presence,1,presence presence,0,0.0,0.0,0,0.0,0.0,0,0.0,0.0,temperate temperate regions regions their presence presence signals signals the full bloom,0,0.0,0.0,0,0.0,0.0,0,0.0,0.0
sub-3300008,blackberries_11g_all-cols.csv,2,0.011428571428571429,0.006349206349206349,7,0.04,0.022222222222222223,4,0.022857142857142857,0.012698412698412698,presence,1,presence presence,0,0.0,0.0,0,0.0,0.0,0,0.0,0.0,nevertheless their transient transient transient presence presence in nature nature serves as,0,0.0,0.0,0,0.0,0.0,0,0.0,0.0
sub-3300008,pine_11g_all-cols.csv,3,0.015544041450777202,0.009287925696594427,7,0.03626943005181347,0.021671826625386997,15,0.07772020725388601,0.04643962848297214,presence,1,presence presence,0,0.0,0.0,0,0.0,0.0,0,0.0,0.0,mark of enduring enduring enduring presence presence in a transient transient transient,0,0.0,0.0,0,0.0,0.0,1,0.14285714285714285,0.08333333333333333
sub-3300008,finches_11g_all-cols.csv,11,0.061452513966480445,0.03470031545741325,14,0.0782122905027933,0.04416403785488959,11,0.061452513966480445,0.03470031545741325,presence,1,presence presence,0,0.0,0.0,0,0.0,0.0,0,0.0,0.0,avian avian avian world their presence presence encourages encourages encourages encourages humans,0,0.0,0.0,0,0.0,0.0,0,0.0,0.0
sub-3300008,muffins_11g_all-cols.csv,2,0.00966183574879227,0.005291005291005291,2,0.00966183574879227,0.005291005291005291,7,0.033816425120772944,0.018518518518518517,presence,1,presence presence,0,0.0,0.0,0,0.0,0.0,0,0.0,0.0,kitchens announcing announcing announcing the presence presence of these moist delicate delicate,0,0.0,0.0,0,0.0,0.0,0,0.0,0.0
sub-3300008,elephant_11g_all-cols.csv,5,0.025252525252525252,0.014450867052023121,12,0.06060606060606061,0.03468208092485549,7,0.03535353535353535,0.02023121387283237,presence,1,presence presence,0,0.0,0.0,0,0.0,0.0,0,0.0,0.0,revered for their immense immense presence presence they have powerful powerful powerful,0,0.0,0.0,0,0.0,0.0,0,0.0,0.0
sub-3300008,tulips_11g_all-cols.csv,2,0.010309278350515464,0.006191950464396285,6,0.030927835051546393,0.018575851393188854,8,0.041237113402061855,0.02476780185758514,cultural,1,cultural cultural cultural,0,0.0,0.0,0,0.0,0.0,0,0.0,0.0,into into numerous numerous numerous cultural cultural cultural stories stories and myths securing,0,0.0,0.0,0,0.0,0.0,0,0.0,0.0
sub-3300008,raspberries_11g_all-cols.csv,3,0.015706806282722512,0.008797653958944282,13,0.06806282722513089,0.03812316715542522,16,0.08376963350785341,0.0469208211143695,ephemeral,1,ephemeral ephemeral ephemeral ephemeral,0,0.0,0.0,4,4.0,1.0,3,3.0,0.75,and health yet they are ephemeral ephemeral ephemeral ephemeral by nature nature and remind,0,0.0,0.0,4,0.4,0.2857142857142857,3,0.3,0.21428571428571427
sub-3300008,tulips_11g_all-cols.csv,2,0.010309278350515464,0.006191950464396285,6,0.030927835051546393,0.018575851393188854,8,0.041237113402061855,0.02476780185758514,ephemeral,1,ephemeral ephemeral ephemeral ephemeral,0,0.0,0.0,4,4.0,1.0,2,2.0,0.5,reminder reminder that life is ephemeral ephemeral ephemeral ephemeral the tulip tulip prompts us,0,0.0,0.0,4,0.4444444444444444,0.2857142857142857,2,0.2222222222222222,0.14285714285714285
sub-3300008,roses_11g_all-cols.csv,2,0.011111111111111112,0.006578947368421052,3,0.016666666666666666,0.009868421052631578,14,0.07777777777777778,0.046052631578947366,ephemeral,1,ephemeral ephemeral ephemeral ephemeral,0,0.0,0.0,3,3.0,0.75,3,3.0,0.75,fragility of life with their ephemeral ephemeral ephemeral ephemeral existence existence existence as they,0,0.0,0.0,3,0.3333333333333333,0.21428571428571427,6,0.6666666666666666,0.42857142857142855
sub-3300008,giraffe_11g_all-cols.csv,3,0.015228426395939087,0.008670520231213872,9,0.04568527918781726,0.02601156069364162,9,0.04568527918781726,0.02601156069364162,human,1,human human,0,0.0,0.0,1,1.0,0.5,0,0.0,0.0,unique akin akin to a human human fingerprint fingerprint fingerprint these patterns,0,0.0,0.0,4,0.5,0.3333333333333333,1,0.125,0.08333333333333333
sub-3300008,trucks_11g_all-cols.csv,5,0.02577319587628866,0.014534883720930232,5,0.02577319587628866,0.014534883720930232,4,0.020618556701030927,0.011627906976744186,human,1,human human,0,0.0,0.0,0,0.0,0.0,0,0.0,0.0,a testament testament testament to human human ingenuity ingenuity ingenuity ingenuity ingenuity,0,0.0,0.0,5,1.0,0.4166666666666667,1,0.2,0.08333333333333333
sub-3300008,pens_11g_all-cols.csv,5,0.02702702702702703,0.015625,9,0.04864864864864865,0.028125,7,0.03783783783783784,0.021875,human,2,human human,0,0.0,0.0,0,0.0,0.0,0,0.0,0.0,represents represents the growth of human human insight insight and the longing,0,0.0,0.0,0,0.0,0.0,0,0.0,0.0
sub-3300008,pens_11g_all-cols.csv,5,0.02702702702702703,0.015625,9,0.04864864864864865,0.028125,7,0.03783783783783784,0.021875,human,2,human human,0,0.0,0.0,0,0.0,0.0,0,0.0,0.0,erasable ink highlighting highlighting highlighting human human imperfection imperfection imperfection imperfection this,0,0.0,0.0,0,0.0,0.0,0,0.0,0.0
sub-3300008,cars_11g_all-cols.csv,3,0.015384615384615385,0.008797653958944282,15,0.07692307692307693,0.04398826979472141,13,0.06666666666666667,0.03812316715542522,human,1,human human,0,0.0,0.0,0,0.0,0.0,0,0.0,0.0,cars are marvels marvels of human human innovation innovation innovation innovation critical,2,0.2857142857142857,0.16666666666666666,0,0.0,0.0,0,0.0,0.0
sub-3300008,finches_11g_all-cols.csv,11,0.061452513966480445,0.03470031545741325,14,0.0782122905027933,0.04416403785488959,11,0.061452513966480445,0.03470031545741325,human,1,humans humans,0,0.0,0.0,0,0.0,0.0,0,0.0,0.0,presence encourages encourages encourages encourages humans humans to reflect reflect on the,0,0.0,0.0,0,0.0,0.0,0,0.0,0.0
sub-3300008,pencils_11g_all-cols.csv,3,0.015706806282722512,0.009202453987730062,8,0.041884816753926704,0.024539877300613498,12,0.06282722513089005,0.03680981595092025,human,2,human human,0,0.0,0.0,0,0.0,0.0,0,0.0,0.0,evolution evolution evolution evolution of human human thought and the desire desire,0,0.0,0.0,0,0.0,0.0,1,0.14285714285714285,0.08333333333333333
sub-3300008,pencils_11g_all-cols.csv,3,0.015706806282722512,0.009202453987730062,8,0.041884816753926704,0.024539877300613498,12,0.06282722513089005,0.03680981595092025,human,2,human human,0,0.0,0.0,0,0.0,0.0,0,0.0,0.0,a testament testament testament to human human fallibility fallibility fallibility fallibility fallibility,0,0.0,0.0,0,0.0,0.0,0,0.0,0.0
sub-3300009,cars_11g_all-cols.csv,7,0.035897435897435895,0.020527859237536656,11,0.05641025641025641,0.03225806451612903,12,0.06153846153846154,0.03519061583577713,captures,1,captures captures,0,0.0,0.0,0,0.0,0.0,0,0.0,0.0,motion this melody melody melody captures captures the essence essence of forward,0,0.0,0.0,0,0.0,0.0,0,0.0,0.0
sub-3300009,muffins_11g_all-cols.csv,6,0.028985507246376812,0.015873015873015872,14,0.06763285024154589,0.037037037037037035,21,0.10144927536231885,0.05555555555555555,versatility,2,versatility versatility versatility versatility versatility,0,0.0,0.0,0,0.0,0.0,0,0.0,0.0,muffins exemplify exemplify exemplify exemplify versatility versatility versatility versatility versatility these scrumptious scrumptious delights delights,0,0.0,0.0,0,0.0,0.0,0,0.0,0.0
sub-3300009,muffins_11g_all-cols.csv,6,0.028985507246376812,0.015873015873015872,14,0.06763285024154589,0.037037037037037035,21,0.10144927536231885,0.05555555555555555,versatility,2,versatility versatility versatility versatility versatility,0,0.0,0.0,0,0.0,0.0,0,0.0,0.0,and occasions occasions occasions their versatility versatility versatility versatility versatility is not confined confined to,0,0.0,0.0,0,0.0,0.0,0,0.0,0.0
sub-3300009,raspberries_11g_all-cols.csv,21,0.1099476439790576,0.06158357771260997,26,0.13612565445026178,0.07624633431085044,20,0.10471204188481675,0.05865102639296188,versatility,1,versatility versatility versatility versatility versatility,0,0.0,0.0,0,0.0,0.0,0,0.0,0.0,beverages beverages beverages beverages their versatility versatility versatility versatility versatility remains remains unmatched unmatched however,0,0.0,0.0,2,0.3333333333333333,0.13333333333333333,1,0.16666666666666666,0.06666666666666667
sub-3300009,sandals_11g_all-cols.csv,7,0.03571428571428571,0.020289855072463767,18,0.09183673469387756,0.05217391304347826,22,0.11224489795918367,0.06376811594202898,versatility,1,versatility versatility versatility versatility versatility,0,0.0,0.0,0,0.0,0.0,0,0.0,0.0,in addition addition addition their versatility versatility versatility versatility versatility with sundresses sundresses sundresses beachwear,0,0.0,0.0,0,0.0,0.0,2,0.2857142857142857,0.13333333333333333
sub-3300009,sparrows_11g_all-cols.csv,8,0.043243243243243246,0.02416918429003021,21,0.11351351351351352,0.0634441087613293,23,0.12432432432432433,0.06948640483383686,versatility,1,versatility versatility versatility versatility versatility,0,0.0,0.0,0,0.0,0.0,0,0.0,0.0,nature's skill in molding molding versatility versatility versatility versatility versatility studying studying studying their features,0,0.0,0.0,0,0.0,0.0,1,0.125,0.06666666666666667
sub-3300009,oak_11g_all-cols.csv,8,0.041666666666666664,0.025,23,0.11979166666666667,0.071875,41,0.21354166666666666,0.128125,longevity,1,longevity longevity longevity longevity,0,0.0,0.0,0,0.0,0.0,0,0.0,0.0,vitality vitality vitality vitality and longevity longevity longevity longevity throughout throughout the seasons seasons,0,0.0,0.0,4,0.6666666666666666,0.2857142857142857,1,0.16666666666666666,0.07142857142857142
sub-3300014,pine_11g_all-cols.csv,8,0.04145077720207254,0.02476780185758514,17,0.08808290155440414,0.05263157894736842,31,0.16062176165803108,0.09597523219814241,elegance,2,elegance elegance elegance,0,0.0,0.0,0,0.0,0.0,0,0.0,0.0,the understated understated understated understated elegance elegance elegance and deep insight insight manifested,3,0.42857142857142855,0.23076923076923078,3,0.42857142857142855,0.23076923076923078,2,0.2857142857142857,0.15384615384615385
sub-3300014,pine_11g_all-cols.csv,8,0.04145077720207254,0.02476780185758514,17,0.08808290155440414,0.05263157894736842,31,0.16062176165803108,0.09597523219814241,elegance,2,elegance elegance elegance,0,0.0,0.0,0,0.0,0.0,0,0.0,0.0,and everlasting everlasting everlasting everlasting elegance elegance elegance,0,0.0,0.0,0,0.0,0.0,0,0.0,0.0
sub-3300014,roses_11g_all-cols.csv,8,0.044444444444444446,0.02631578947368421,13,0.07222222222222222,0.04276315789473684,32,0.17777777777777778,0.10526315789473684,elegance,1,elegance elegance elegance,0,0.0,0.0,0,0.0,0.0,0,0.0,0.0,embody an essence essence of elegance elegance elegance and sophistication sophistication sophistication sophistication,0,0.0,0.0,0,0.0,0.0,0,0.0,0.0
sub-3300014,sandals_11g_all-cols.csv,10,0.05102040816326531,0.028985507246376812,36,0.1836734693877551,0.10434782608695652,29,0.14795918367346939,0.08405797101449275,elegance,1,elegance elegance elegance,0,0.0,0.0,0,0.0,0.0,0,0.0,0.0,seamless seamless fusion fusion of elegance elegance elegance and practicality practicality practicality practicality,1,0.16666666666666666,0.07692307692307693,4,0.6666666666666666,0.3076923076923077,1,0.16666666666666666,0.07692307692307693
sub-3300014,tulips_11g_all-cols.csv,6,0.030927835051546393,0.018575851393188854,20,0.10309278350515463,0.06191950464396285,21,0.10824742268041238,0.06501547987616099,elegance,1,elegance elegance elegance,0,0.0,0.0,0,0.0,0.0,0,0.0,0.0,place as symbols symbols of elegance elegance elegance transformation transformation transformation transformation and,0,0.0,0.0,0,0.0,0.0,0,0.0,0.0
sub-3300014,sandals_11g_all-cols.csv,10,0.05102040816326531,0.028985507246376812,36,0.1836734693877551,0.10434782608695652,29,0.14795918367346939,0.08405797101449275,elegant,1,elegant elegant elegant,0,0.0,0.0,0,0.0,0.0,0,0.0,0.0,opentoed opentoed opentoed shoes to elegant elegant elegant expressions expressions expressions of personal,0,0.0,0.0,0,0.0,0.0,1,0.14285714285714285,0.07692307692307693
sub-3300014,pencils_11g_all-cols.csv,11,0.05759162303664921,0.03374233128834356,16,0.08376963350785341,0.049079754601226995,21,0.1099476439790576,0.06441717791411043,elegant,1,elegantly elegantly elegantly elegantly,0,0.0,0.0,0,0.0,0.0,0,0.0,0.0,lasting lasting marks crafted crafted elegantly elegantly elegantly elegantly with a slender slender body,0,0.0,0.0,0,0.0,0.0,0,0.0,0.0
sub-3300015,pens_11g_all-cols.csv,3,0.016216216216216217,0.009375,9,0.04864864864864865,0.028125,3,0.016216216216216217,0.009375,use,1,user's user's,0,0.0,0.0,0,0.0,0.0,0,0.0,0.0,smoothly smoothly demands demands its user's user's attention attention attention ensuring ensuring,0,0.0,0.0,0,0.0,0.0,0,0.0,0.0
sub-3300015,trucks_11g_all-cols.csv,14,0.07216494845360824,0.040697674418604654,16,0.08247422680412371,0.046511627906976744,2,0.010309278350515464,0.005813953488372093,use,1,household household,0,0.0,0.0,0,0.0,0.0,0,0.0,0.0,controls controls and even even household household amenities amenities amenities amenities their,0,0.0,0.0,0,0.0,0.0,0,0.0,0.0
sub-3300015,blackberries_11g_all-cols.csv,1,0.005714285714285714,0.0031746031746031746,7,0.04,0.022222222222222223,3,0.017142857142857144,0.009523809523809525,use,1,used,0,0.0,0.0,0,0.0,0.0,0,0.0,0.0,velvety velvety velvety black when used in culinary culinary culinary culinary,0,0.0,0.0,0,0.0,0.0,0,0.0,0.0
sub-3300015,oak_11g_all-cols.csv,7,0.036458333333333336,0.021875,7,0.036458333333333336,0.021875,3,0.015625,0.009375,use,1,infuse infuse,0,0.0,0.0,0,0.0,0.0,0,0.0,0.0,embodied embodied by oak trees infuse infuse the surrounding surrounding surrounding landscape,0,0.0,0.0,0,0.0,0.0,0,0.0,0.0
sub-3300015,muffins_11g_all-cols.csv,4,0.01932367149758454,0.010582010582010581,10,0.04830917874396135,0.026455026455026454,5,0.024154589371980676,0.013227513227513227,use,1,infused infused,0,0.0,0.0,0,0.0,0.0,0,0.0,0.0,can be thoughtfully thoughtfully thoughtfully infused infused with blueberries blueberries blueberries chocolate,2,0.2857142857142857,0.16666666666666666,5,0.7142857142857143,0.4166666666666667,3,0.42857142857142855,0.25
sub-3300015,cars_11g_all-cols.csv,0,0.0,0.0,24,0.12307692307692308,0.07038123167155426,9,0.046153846153846156,0.026392961876832845,use,1,userfriendly userfriendly userfriendly userfriendly,0,0.0,0.0,0,0.0,0.0,0,0.0,0.0,often feature feature soft chairs userfriendly userfriendly userfriendly userfriendly dashboards dashboards and other other,0,0.0,0.0,0,0.0,0.0,0,0.0,0.0
sub-3300015,elephant_11g_all-cols.csv,3,0.015151515151515152,0.008670520231213872,13,0.06565656565656566,0.03757225433526012,6,0.030303030303030304,0.017341040462427744,use,2,confused confused,0,0.0,0.0,0,0.0,0.0,0,0.0,0.0,gentleness should never never be confused confused with weakness weakness when confronted,0,0.0,0.0,0,0.0,0.0,0,0.0,0.0
sub-3300015,elephant_11g_all-cols.csv,3,0.015151515151515152,0.008670520231213872,13,0.06565656565656566,0.03757225433526012,6,0.030303030303030304,0.017341040462427744,use,2,use,0,0.0,0.0,0,0.0,0.0,0,0.0,0.0,an elephant elephant elephant can use its weight and strength pushing,0,0.0,0.0,0,0.0,0.0,0,0.0,0.0
sub-3300015,pencils_11g_all-cols.csv,11,0.05759162303664921,0.03374233128834356,38,0.19895287958115182,0.1165644171779141,6,0.031413612565445025,0.018404907975460124,use,1,users users,0,0.0,0.0,0,0.0,0.0,0,0.0,0.0,fallibility fallibility it reminds reminds users users of the luxury luxury luxury,0,0.0,0.0,0,0.0,0.0,0,0.0,0.0
sub-3300015,muffins_11g_all-cols.csv,4,0.01932367149758454,0.010582010582010581,10,0.04830917874396135,0.026455026455026454,5,0.024154589371980676,0.013227513227513227,tantalizing,1,tantalizing tantalizing tantalizing tantalizing,0,0.0,0.0,0,0.0,0.0,0,0.0,0.0,butter result result in a tantalizing tantalizing tantalizing tantalizing treat to both please and,0,0.0,0.0,0,0.0,0.0,0,0.0,0.0
sub-3300015,raspberries_11g_all-cols.csv,0,0.0,0.0,6,0.031413612565445025,0.017595307917888565,4,0.020942408376963352,0.011730205278592375,tantalizing,1,tantalizing tantalizing tantalizing tantalizing,0,0.0,0.0,0,0.0,0.0,0,0.0,0.0,handling revealing revealing revealing a tantalizing tantalizing tantalizing tantalizing blend of sweet and tart,0,0.0,0.0,0,0.0,0.0,0,0.0,0.0
sub-3300015,tulips_11g_all-cols.csv,10,0.05154639175257732,0.030959752321981424,17,0.08762886597938144,0.05263157894736842,3,0.015463917525773196,0.009287925696594427,poignant,1,poignant poignant,2,2.0,1.0,2,2.0,1.0,0,0.0,0.0,transient serving serving as a poignant poignant reminder reminder reminder that life,9,1.125,0.75,9,1.125,0.75,0,0.0,0.0
sub-3300015,pencils_11g_all-cols.csv,11,0.05759162303664921,0.03374233128834356,38,0.19895287958115182,0.1165644171779141,6,0.031413612565445025,0.018404907975460124,poignant,1,poignant poignant,0,0.0,0.0,0,0.0,0.0,0,0.0,0.0,unaltered it serves as a poignant poignant reminder reminder reminder of a,0,0.0,0.0,2,0.2222222222222222,0.16666666666666666,1,0.1111111111111111,0.08333333333333333
sub-3300015,giraffe_11g_all-cols.csv,3,0.015228426395939087,0.008670520231213872,19,0.09644670050761421,0.05491329479768786,5,0.025380710659898477,0.014450867052023121,giraffes,2,giraffes giraffes,0,0.0,0.0,0,0.0,0.0,0,0.0,0.0,giraffes giraffes are magnificent magnificent magnificent magnificent,0,0.0,0.0,0,0.0,0.0,0,0.0,0.0
sub-3300015,giraffe_11g_all-cols.csv,3,0.015228426395939087,0.008670520231213872,19,0.09644670050761421,0.05491329479768786,5,0.025380710659898477,0.014450867052023121,giraffes,2,giraffes giraffes,0,0.0,0.0,0,0.0,0.0,0,0.0,0.0,underscores the wonder wonder of giraffes giraffes,0,0.0,0.0,0,0.0,0.0,0,0.0,0.0
sub-3300016,sandals_11g_all-cols.csv,6,0.030612244897959183,0.017391304347826087,14,0.07142857142857142,0.04057971014492753,15,0.07653061224489796,0.043478260869565216,intricate,1,intricate intricate intricate,0,0.0,0.0,0,0.0,0.0,0,0.0,0.0,understated understated designs designs to intricate intricate intricate patterns patterns sandals sandals appeal,0,0.0,0.0,1,0.14285714285714285,0.07692307692307693,1,0.14285714285714285,0.07692307692307693
sub-3300016,cupcakes_11g_all-cols.csv,6,0.03,0.01652892561983471,7,0.035,0.01928374655647383,9,0.045,0.024793388429752067,intricate,1,intricate intricate intricate,0,0.0,0.0,0,0.0,0.0,0,0.0,0.0,sophisticated foodies foodies with their intricate intricate intricate flavors flavors and nuances nuances,0,0.0,0.0,0,0.0,0.0,0,0.0,0.0
sub-3300016,elephant_11g_all-cols.csv,1,0.005050505050505051,0.002890173410404624,11,0.05555555555555555,0.031791907514450865,15,0.07575757575757576,0.04335260115606936,intricate,1,intricate intricate intricate,0,0.0,0.0,0,0.0,0.0,0,0.0,0.0,similar similar similar to the intricate intricate intricate ridges ridges on a wellworn,0,0.0,0.0,1,0.125,0.07692307692307693,2,0.25,0.15384615384615385
sub-3300016,roses_11g_all-cols.csv,2,0.011111111111111112,0.006578947368421052,6,0.03333333333333333,0.019736842105263157,11,0.06111111111111111,0.03618421052631579,intricate,1,intricate intricate intricate,0,0.0,0.0,0,0.0,0.0,0,0.0,0.0,roses roses with their intricate intricate intricate layers layers and undeniable undeniable,0,0.0,0.0,0,0.0,0.0,0,0.0,0.0
sub-3300016,sparrows_11g_all-cols.csv,12,0.06486486486486487,0.03625377643504532,21,0.11351351351351352,0.0634441087613293,18,0.0972972972972973,0.054380664652567974,intricate,2,intricate intricate intricate,0,0.0,0.0,0,0.0,0.0,0,0.0,0.0,reminds people people of the intricate intricate intricate patterns patterns of nature nature,0,0.0,0.0,0,0.0,0.0,0,0.0,0.0
sub-3300016,sparrows_11g_all-cols.csv,12,0.06486486486486487,0.03625377643504532,21,0.11351351351351352,0.0634441087613293,18,0.0972972972972973,0.054380664652567974,intricate,2,intricate intricate intricate,0,0.0,0.0,0,0.0,0.0,0,0.0,0.0,reverence reverence reverence for the intricate intricate intricate ballet ballet of adaptability adaptability,0,0.0,0.0,0,0.0,0.0,0,0.0,0.0
sub-3300016,sandals_11g_all-cols.csv,6,0.030612244897959183,0.017391304347826087,14,0.07142857142857142,0.04057971014492753,15,0.07653061224489796,0.043478260869565216,versatility,1,versatility versatility versatility versatility versatility,0,0.0,0.0,0,0.0,0.0,1,1.0,0.2,in addition addition addition their versatility versatility versatility versatility versatility with sundresses sundresses sundresses beachwear,0,0.0,0.0,0,0.0,0.0,1,0.14285714285714285,0.06666666666666667
sub-3300016,raspberries_11g_all-cols.csv,5,0.02617801047120419,0.01466275659824047,14,0.07329842931937172,0.04105571847507331,14,0.07329842931937172,0.04105571847507331,versatility,1,versatility versatility versatility versatility versatility,1,1.0,0.2,0,0.0,0.0,1,1.0,0.2,beverages beverages beverages beverages their versatility versatility versatility versatility versatility remains remains unmatched unmatched however,1,0.16666666666666666,0.06666666666666667,0,0.0,0.0,1,0.16666666666666666,0.06666666666666667
sub-3300016,muffins_11g_all-cols.csv,17,0.0821256038647343,0.04497354497354497,26,0.12560386473429952,0.06878306878306878,16,0.07729468599033816,0.042328042328042326,versatility,2,versatility versatility versatility versatility versatility,0,0.0,0.0,0,0.0,0.0,1,1.0,0.2,muffins exemplify exemplify exemplify exemplify versatility versatility versatility versatility versatility these scrumptious scrumptious delights delights,0,0.0,0.0,0,0.0,0.0,1,0.16666666666666666,0.06666666666666667
sub-3300016,muffins_11g_all-cols.csv,17,0.0821256038647343,0.04497354497354497,26,0.12560386473429952,0.06878306878306878,16,0.07729468599033816,0.042328042328042326,versatility,2,versatility versatility versatility versatility versatility,0,0.0,0.0,0,0.0,0.0,1,1.0,0.2,and occasions occasions occasions their versatility versatility versatility versatility versatility is not confined confined to,0,0.0,0.0,0,0.0,0.0,1,0.125,0.06666666666666667
sub-3300016,sparrows_11g_all-cols.csv,12,0.06486486486486487,0.03625377643504532,21,0.11351351351351352,0.0634441087613293,18,0.0972972972972973,0.054380664652567974,versatility,1,versatility versatility versatility versatility versatility,1,1.0,0.2,4,4.0,0.8,3,3.0,0.6,nature's skill in molding molding versatility versatility versatility versatility versatility studying studying studying their features,1,0.125,0.06666666666666667,4,0.5,0.26666666666666666,3,0.375,0.2
sub-3300016,roses_11g_all-cols.csv,2,0.011111111111111112,0.006578947368421052,6,0.03333333333333333,0.019736842105263157,11,0.06111111111111111,0.03618421052631579,roses,2,roses roses,0,0.0,0.0,0,0.0,0.0,0,0.0,0.0,roses roses with their intricate intricate intricate,0,0.0,0.0,0,0.0,0.0,0,0.0,0.0
sub-3300016,roses_11g_all-cols.csv,2,0.011111111111111112,0.006578947368421052,6,0.03333333333333333,0.019736842105263157,11,0.06111111111111111,0.03618421052631579,roses,2,roses roses,0,0.0,0.0,0,0.0,0.0,0,0.0,0.0,beauty beauty in verse but roses roses are not just about about,0,0.0,0.0,0,0.0,0.0,0,0.0,0.0
sub-3300016,elephant_11g_all-cols.csv,1,0.005050505050505051,0.002890173410404624,11,0.05555555555555555,0.031791907514450865,15,0.07575757575757576,0.04335260115606936,elephants,4,elephants elephants elephants,0,0.0,0.0,0,0.0,0.0,0,0.0,0.0,elephants elephants elephants are remarkable remarkable remarkable remarkable,0,0.0,0.0,0,0.0,0.0,0,0.0,0.0
sub-3300016,elephant_11g_all-cols.csv,1,0.005050505050505051,0.002890173410404624,11,0.05555555555555555,0.031791907514450865,15,0.07575757575757576,0.04335260115606936,elephants,4,elephants elephants elephants,0,0.0,0.0,0,0.0,0.0,0,0.0,0.0,ears essential essential essential for elephants elephants elephants body body temperature temperature temperature,0,0.0,0.0,0,0.0,0.0,0,0.0,0.0
sub-3300016,elephant_11g_all-cols.csv,1,0.005050505050505051,0.002890173410404624,11,0.05555555555555555,0.031791907514450865,15,0.07575757575757576,0.04335260115606936,elephants,4,elephants elephants elephants,0,0.0,0.0,0,0.0,0.0,0,0.0,0.0,stature stature however however however elephants elephants elephants manifest manifest manifest a peaceful,0,0.0,0.0,0,0.0,0.0,0,0.0,0.0
sub-3300016,elephant_11g_all-cols.csv,1,0.005050505050505051,0.002890173410404624,11,0.05555555555555555,0.031791907514450865,15,0.07575757575757576,0.04335260115606936,elephants,4,elephants elephants elephants,0,0.0,0.0,0,0.0,0.0,0,0.0,0.0,emphasizes the marvel marvel of elephants elephants elephants,0,0.0,0.0,0,0.0,0.0,0,0.0,0.0
sub-3300016,blackberries_11g_all-cols.csv,3,0.017142857142857144,0.009523809523809525,10,0.05714285714285714,0.031746031746031744,6,0.03428571428571429,0.01904761904761905,delicious,1,deliciousness deliciousness deliciousness deliciousness,0,0.0,0.0,0,0.0,0.0,0,0.0,0.0,highlight the union union of deliciousness deliciousness deliciousness deliciousness and vitality vitality vitality vitality,0,0.0,0.0,1,0.14285714285714285,0.07142857142857142,1,0.14285714285714285,0.07142857142857142
sub-3300016,tulips_11g_all-cols.csv,7,0.03608247422680412,0.021671826625386997,16,0.08247422680412371,0.04953560371517028,12,0.061855670103092786,0.03715170278637771,luxury,1,luxury luxury luxury,0,0.0,0.0,0,0.0,0.0,0,0.0,0.0,epitomizing epitomizing epitomizing epitomizing epitomizing luxury luxury luxury and nobility nobility nobility nobility,0,0.0,0.0,0,0.0,0.0,0,0.0,0.0
sub-3300016,raspberries_11g_all-cols.csv,5,0.02617801047120419,0.01466275659824047,14,0.07329842931937172,0.04105571847507331,14,0.07329842931937172,0.04105571847507331,luxury,1,luxury luxury luxury,0,0.0,0.0,0,0.0,0.0,0,0.0,0.0,nature's offering offering offering of luxury luxury luxury and flavor flavor these berries,0,0.0,0.0,3,0.375,0.23076923076923078,2,0.25,0.15384615384615385
sub-3300016,cupcakes_11g_all-cols.csv,6,0.03,0.01652892561983471,7,0.035,0.01928374655647383,9,0.045,0.024793388429752067,luxury,1,luxury luxury luxury,0,0.0,0.0,0,0.0,0.0,0,0.0,0.0,and lush promising promising promising luxury luxury luxury in each mouthful mouthful its,0,0.0,0.0,2,0.25,0.15384615384615385,1,0.125,0.07692307692307693
sub-3300016,pencils_11g_all-cols.csv,6,0.031413612565445025,0.018404907975460124,27,0.14136125654450263,0.08282208588957055,21,0.1099476439790576,0.06441717791411043,luxury,1,luxury luxury luxury,0,0.0,0.0,0,0.0,0.0,0,0.0,0.0,reminds users users of the luxury luxury luxury of correcting correcting correcting mistakes,0,0.0,0.0,0,0.0,0.0,0,0.0,0.0
sub-3300016,oak_11g_all-cols.csv,4,0.020833333333333332,0.0125,3,0.015625,0.009375,16,0.08333333333333333,0.05,trunks,1,trunks,0,0.0,0.0,0,0.0,0.0,0,0.0,0.0,gnarly limbs and textured textured trunks holding holding the secrets secrets,0,0.0,0.0,0,0.0,0.0,1,0.125,0.09090909090909091
sub-3300016,pine_11g_all-cols.csv,9,0.046632124352331605,0.02786377708978328,13,0.06735751295336788,0.04024767801857585,14,0.07253886010362694,0.043343653250773995,trunks,1,trunks,0,0.0,0.0,0,0.0,0.0,0,0.0,0.0,twisted twisted boughs and ridged trunks concealing concealing concealing the mysteries,0,0.0,0.0,0,0.0,0.0,1,0.125,0.09090909090909091
sub-3300016,elephant_11g_all-cols.csv,1,0.005050505050505051,0.002890173410404624,11,0.05555555555555555,0.031791907514450865,15,0.07575757575757576,0.04335260115606936,trunks,1,trunks,0,0.0,0.0,0,0.0,0.0,0,0.0,0.0,powerful powerful powerful sweeping sweeping trunks that they utilize utilize utilize,0,0.0,0.0,0,0.0,0.0,0,0.0,0.0
sub-3300016,elephant_11g_all-cols.csv,1,0.005050505050505051,0.002890173410404624,11,0.05555555555555555,0.031791907514450865,15,0.07575757575757576,0.04335260115606936,waterhole,1,waterholes waterholes waterholes,0,0.0,0.0,0,0.0,0.0,0,0.0,0.0,without without frequenting frequenting frequenting waterholes waterholes waterholes this blend of majesty majesty,0,0.0,0.0,0,0.0,0.0,0,0.0,0.0
